v_sku,v_name,v_short_description,v_description,v_image,v_url,v_attribute,v_price,v_specials_price,v_specials_expire_date,v_date_added,v_in_stock,v_status,v_viewed,v_ordered,v_category_sku,v_sort_order,v_meta_title,v_meta_keywords,v_meta_description,v_brand_filter,v_class_filter,v_color_filter,v_gender_filter,v_material_filter,v_year_filter,v_origin_filter,v_series_filter,v_spec_filter
IAGLCMT0001,7 Pieces Women's Bracelet Set Creative Vintage Bracelet Accessories,,"<p><b>Item Id</b>: #AHD900AO0NQ</p><p><b>Style</b>: Vintage, Top Fashion, Ethnic</p><p><b>Pattern</b>: Solid Color</p><p><b>Suitable For</b>: Women</p><p><b>Relative Keywords</b>: Accessory, Accessories</p><p><b>Material</b>: Alloy, Gold Plated</p><p><b>Jewelry Type</b>: Fashion</p><p><b>Features</b>: Totally 7 Pieces<br></p>",img/739c375bfcb041768b8b57fb28440d9e.jpg,,Size#,88.51,48.63,,,1,1,,,Bracelet,,7 Pieces Women's Bracelet Set Creative Vintage Bracelet Accessories,7 Pieces Women's Bracelet Set Creative Vintage Bracelet Accessories,7 Pieces Women's Bracelet Set Creative Vintage Bracelet Accessories,,,,,,,,,
IAGLCMT0002,Ineix Soft Silicone Replacement Strap /watch band wrist strap Bracelet For Xiaomi Mi Band 5 - Wine Red,,"<p><b>Item Id</b>: #9S3JH00SM190UJ</p><p><b>Watchband Material</b>: Plastic</p><p><b>Features</b>: Compatible with Xiaomi Mi Band 5,Stylish, Thin & Comfortable,Precise cut outs for trouble free access to controls,Lightweight & Superior Hardness,Perfect Edges & Precise Molding<br></p>",img/913ebe6b99e24d51a72f33375c6df7e5.jpg,,Size#Watermelon Red:,67.86,39,,,1,1,,,Bracelet,,Ineix Soft Silicone Replacement Strap /watch band wrist strap Bracelet For Xiaomi Mi Band 5 - Wine Red,Ineix Soft Silicone Replacement Strap /watch band wrist strap Bracelet For Xiaomi Mi Band 5 - Wine Red,Ineix Soft Silicone Replacement Strap /watch band wrist strap Bracelet For Xiaomi Mi Band 5 - Wine Red,,,,,,,,,
IAGLCMT0003,REALY Women's Bracelet Watch Rhinestones Inlay Chain Quartz Watch Accessory,,"<p><b>Item Id</b>: #3CT970AA1NN</p><p><b>Pattern</b>: Print</p><p><b>Closure Type</b>: Hasp</p><p><b>Decoration</b>: Rhinestone, Carving</p><p><b>Movement Type</b>: Quartz</p><p><b>Dial</b>: Round</p><p><b>Category</b>: Women's Watches</p><p><b>Band Material</b>: Alloy</p><p><b>Case Material</b>: Alloy</p><p><b>Display Type</b>: Pointer</p><p><b>Band Type</b>: Gilding, Steel</p><p><b>Features</b>: Band: width 16mm,length 210mm<br>34mm Alloy case with mineral dial window<br>Stylish design with gift box,best choice for present<br>High quality alloy metal bracelet,comfortable and durable<br>Daily water resistance and quartz movement guarantee precise time keeping<br></p>",img/ceff3c2e66c94cfb9857a7c840388ad9.jpg,,Size#Gold:,86.08,48.63,,,1,1,,,Bracelet,,REALY Women's Bracelet Watch Rhinestones Inlay Chain Quartz Watch Accessory,REALY Women's Bracelet Watch Rhinestones Inlay Chain Quartz Watch Accessory,REALY Women's Bracelet Watch Rhinestones Inlay Chain Quartz Watch Accessory,,,,,,,,,
IAGLCMT0004,Women's Bracelet Set Multi Layer Unisex Retro Style Bracelets Accessory,,"<p><b>Item Id</b>: #152970AO0PR</p><p><b>Style</b>: Vintage</p><p><b>Decoration</b>: Ribbons</p><p><b>Pattern</b>: Geometric</p><p><b>Relative Keywords</b>: Accessory</p><p><b>Jewelry Type</b>: Fashion, Basic, Fine</p>",img/3e24785e4ae444628faa52638d33a11e.jpg,,Size#Black:,85.75,49,,,1,1,,,Bracelet,,Women's Bracelet Set Multi Layer Unisex Retro Style Bracelets Accessory,Women's Bracelet Set Multi Layer Unisex Retro Style Bracelets Accessory,Women's Bracelet Set Multi Layer Unisex Retro Style Bracelets Accessory,,,,,,,,,
IAGLCMT0005,Men's Stainless Steel Chain ID Tag Bracelet Black Gold Silver 210mm Watch Link Design,,"<p><b>Item Id</b>: #8J4980AOABL</p><p><b>Style</b>: Vintage, Top Fashion</p><p><b>Decoration</b>: Metal Decoration</p><p><b>Pattern</b>: Geometric, Laser</p><p><b>Category</b>: Vintage Bracelets, Fashion Bracelets</p><p><b>Material</b>: Stainless Steel</p><p><b>Jewelry Type</b>: Fashion, Basic</p><p><b>Features</b>: *<br>*Artificial manual polishing,detail decides the quality.<br></p>",img/3910c813e1d448268fb4c820aa316e5d.jpg,,Size#Gold:,71.37,39,,,1,1,,,Bracelet,,Men's Stainless Steel Chain ID Tag Bracelet Black Gold Silver 210mm Watch Link Design,Men's Stainless Steel Chain ID Tag Bracelet Black Gold Silver 210mm Watch Link Design,Men's Stainless Steel Chain ID Tag Bracelet Black Gold Silver 210mm Watch Link Design,,,,,,,,,
IAGLCMT0006,5Pcs Women's Bracelet Set Simple Style Bow Knot Heart Design Sweet Accessories,,"<p><b>Item Id</b>: #0MM970AO0HK</p><p><b>Suitable For</b>: Women</p><p><b>Relative Keywords</b>: Accessory, Catenary/Necklace, Accessories</p><p><b>Material</b>: Alloy</p><p><b>Jewelry Type</b>: Fashion, Basic, Fine</p>",img/b837204b698a4887aaf61d63df047499.jpg,,Size#Gold:,87.98,49.99,,,1,1,,,Bracelet,,5Pcs Women's Bracelet Set Simple Style Bow Knot Heart Design Sweet Accessories,5Pcs Women's Bracelet Set Simple Style Bow Knot Heart Design Sweet Accessories,5Pcs Women's Bracelet Set Simple Style Bow Knot Heart Design Sweet Accessories,,,,,,,,,
IAGLCMT0007,Trendy brand hip-hop bracelet men's trendy titanium steel simple and cold style single personality female jewelry,,"<p><b>Item Id</b>: #DLY910AO1LD</p><p><b>Style</b>: Punk</p><p><b>Decoration</b>: Metal Decoration</p><p><b>Pattern</b>: Solid Color</p><p><b>Category</b>: Fashion Bracelets</p><p><b>Material</b>: Alloy, Silver Plated</p><p><b>Jewelry Type</b>: Fashion</p><p><b>Features</b>: <br></p>",img/433f06e61be74996a11d8e23945c2ed2.jpg,,Size#,67.08,39,,,1,1,,,Bracelet,,Trendy brand hip-hop bracelet men's trendy titanium steel simple and cold style single personality female jewelry,Trendy brand hip-hop bracelet men's trendy titanium steel simple and cold style single personality female jewelry,Trendy brand hip-hop bracelet men's trendy titanium steel simple and cold style single personality female jewelry,,,,,,,,,
IAGLCMT0008,Ineix Soft Silicone Replacement Strap /watch band wrist strap Bracelet For Xiaomi Mi Band 5 - Digital Camouflage,,"<p><b>Item Id</b>: #9S3JH00SM190U4</p><p><b>Watchband Material</b>: Plastic</p><p><b>Features</b>: Compatible with Xiaomi Mi Band 5,Stylish, Thin & Comfortable,Precise cut outs for trouble free access to controls,Lightweight & Superior Hardness,Perfect Edges & Precise Molding<br></p>",img/2acd2da2489a4029bf563d933544a8a9.jpg,,Size#Camouflage:,79.74,48.62,,,1,1,,,Bracelet,,Ineix Soft Silicone Replacement Strap /watch band wrist strap Bracelet For Xiaomi Mi Band 5 - Digital Camouflage,Ineix Soft Silicone Replacement Strap /watch band wrist strap Bracelet For Xiaomi Mi Band 5 - Digital Camouflage,Ineix Soft Silicone Replacement Strap /watch band wrist strap Bracelet For Xiaomi Mi Band 5 - Digital Camouflage,,,,,,,,,
IAGLCMT0009,Women's Bracelet Watch Round Dial Rhinestone Clover Beading Watch,,"<p><b>Item Id</b>: #551900AA3Z2</p><p><b>Pattern</b>: Character</p><p><b>Style</b>: Casual, Vintage, Business, Retro, OL, Top Fashion, Celebrity</p><p><b>Closure Type</b>: Covered Button</p><p><b>Decoration</b>: Rhinestone</p><p><b>Movement Type</b>: Quartz</p><p><b>Dial</b>: Round</p><p><b>Category</b>: Women's Watches</p><p><b>Band Material</b>: Stainless Steel</p><p><b>Case Material</b>: Alloy, Rhinestone</p><p><b>Display Type</b>: Pointer</p><p><b>Band Type</b>: Gilding</p>",img/d4bc7d46306c411cbba49253c7c86f6e.jpg,,Size#,87.48,49.99,,,1,1,,,Bracelet,,Women's Bracelet Watch Round Dial Rhinestone Clover Beading Watch,Women's Bracelet Watch Round Dial Rhinestone Clover Beading Watch,Women's Bracelet Watch Round Dial Rhinestone Clover Beading Watch,,,,,,,,,
IAGLCMT0010,Women's Woven Bracelet Adjustable Casual Bracelet Accessory,,"<p><b>Item Id</b>: #2PJ990AO4LZ</p><p><b>Suitable For</b>: Women</p><p><b>Relative Keywords</b>: Accessory, Accessories</p><p><b>Material</b>: Polyester, Resin</p><p><b>Jewelry Type</b>: Fashion, Vintage, Fine</p>",img/3974a1083afa483890a2afb32cfa2f81.jpg,,Size#,85.59,48.63,,,1,1,,,Bracelet,,Women's Woven Bracelet Adjustable Casual Bracelet Accessory,Women's Woven Bracelet Adjustable Casual Bracelet Accessory,Women's Woven Bracelet Adjustable Casual Bracelet Accessory,,,,,,,,,
IAGLCMT0011,Gents Carbon Fiber Bracelet for Men Twelve Constellation Gemini Leo Engraved Stainless Steel Bio Energy Magnet Wristband,,"<p><b>Item Id</b>: #BNY900AO2V2</p><p><b>Category</b>: Fashion Bracelets</p><p><b>Material</b>: Stainless Steel</p><p><b>Jewelry Type</b>: Fashion, Vintage, Fine</p><p><b>Features</b>: *<br>*Color : Silver<br>*Hand polished,detail decides quality,value for money<br></p>",img/e863ad2a2ea043b19a46c86d87b659ec.jpg,,Size#Black:Camel:,88.48,49.99,,,1,1,,,Bracelet,,Gents Carbon Fiber Bracelet for Men Twelve Constellation Gemini Leo Engraved Stainless Steel Bio Energy Magnet Wristband,Gents Carbon Fiber Bracelet for Men Twelve Constellation Gemini Leo Engraved Stainless Steel Bio Energy Magnet Wristband,Gents Carbon Fiber Bracelet for Men Twelve Constellation Gemini Leo Engraved Stainless Steel Bio Energy Magnet Wristband,,,,,,,,,
IAGLCMT0012,4 Pieces Women's Fashion Bracelets Set Simple Chic Leaf Openings Chain Bracelets,,"<p><b>Item Id</b>: #AHD900AO0NP</p><p><b>Style</b>: Casual</p><p><b>Decoration</b>: Hollow out</p><p><b>Pattern</b>: Geometric</p><p><b>Suitable For</b>: Women</p><p><b>Relative Keywords</b>: Accessory, Catenary/Necklace, Accessories</p><p><b>Material</b>: Alloy</p><p><b>Jewelry Type</b>: Fashion, Basic, Vintage, Fine</p><p><b>Features</b>: Totally 4 Pieces<br></p>",img/9547812e84f242f4be148b3eb5882ea5.jpg,,Size#,51,30.91,,,1,1,,,Bracelet,,4 Pieces Women's Fashion Bracelets Set Simple Chic Leaf Openings Chain Bracelets,4 Pieces Women's Fashion Bracelets Set Simple Chic Leaf Openings Chain Bracelets,4 Pieces Women's Fashion Bracelets Set Simple Chic Leaf Openings Chain Bracelets,,,,,,,,,
IAGLCMT0013,3Pcs Tree of Life Bracelet Popcorn Owl Heart Anchor Musical Note Charm Bracelets For Women,,"<p><b>Item Id</b>: #8Q9990AO2T6</p><p><b>Suitable For</b>: Women</p><p><b>Relative Keywords</b>: Accessory, Catenary/Necklace, Accessories</p><p><b>Material</b>: Alloy</p><p><b>Jewelry Type</b>: Fashion, Basic, Fine</p><p><b>Features</b>: Elastic Chain Length is 19-24 cm<br><br>CZ Crystal + Metal Pendant <br><br><br><br>Occasion : Party ,Daily , Gift<br><br>1mm=0.0393 inch 1 inch=25.4 mm<br></p>",img/70d30fa6dc134e7a8a2e58a625075e65.jpg,,Size#B:C:E:,88.49,48.62,,,1,1,,,Bracelet,,3Pcs Tree of Life Bracelet Popcorn Owl Heart Anchor Musical Note Charm Bracelets For Women,3Pcs Tree of Life Bracelet Popcorn Owl Heart Anchor Musical Note Charm Bracelets For Women,3Pcs Tree of Life Bracelet Popcorn Owl Heart Anchor Musical Note Charm Bracelets For Women,,,,,,,,,
IAGLCMT0014,Men's Bracelet Solid Color Fashion Accessory,,"<p><b>Item Id</b>: #8UG990AO2T4</p><p><b>Category</b>: Vintage Bracelets</p><p><b>Material</b>: Stainless Steel</p><p><b>Jewelry Type</b>: Fashion, Fine</p>",img/40cc3ce97b764655b33cb9feaeee178b.jpg,,Size#Black:Silver:,86.48,49.99,,,1,1,,,Bracelet,,Men's Bracelet Solid Color Fashion Accessory,Men's Bracelet Solid Color Fashion Accessory,Men's Bracelet Solid Color Fashion Accessory,,,,,,,,,
IAGLCMT0015,Ineix Soft Silicone Replacement Strap /watch band wrist strap Bracelet For Xiaomi Mi Band 5 - Miltary Green,,"<p><b>Item Id</b>: #9S3JH00SM190UH</p><p><b>Watchband Material</b>: Plastic</p><p><b>Features</b>: Compatible with Xiaomi Mi Band 5,Stylish, Thin & Comfortable,Precise cut outs for trouble free access to controls,Lightweight & Superior Hardness,Perfect Edges & Precise Molding<br></p>",img/33ae91c326064a718e0c6aadd910d394.jpg,,Size#Army Green:,78.29,48.63,,,1,1,,,Bracelet,,Ineix Soft Silicone Replacement Strap /watch band wrist strap Bracelet For Xiaomi Mi Band 5 - Miltary Green,Ineix Soft Silicone Replacement Strap /watch band wrist strap Bracelet For Xiaomi Mi Band 5 - Miltary Green,Ineix Soft Silicone Replacement Strap /watch band wrist strap Bracelet For Xiaomi Mi Band 5 - Miltary Green,,,,,,,,,
IAGLCMT0016,Temperament Simple And Safe Buckle Sand Gold Inlaid Jade bracelet Women's Versatile Round Design Palace Style Bracelet,,"<p><b>Item Id</b>: #CLU900AO5KU</p><p><b>Style</b>: Casual, Sexy, Vintage, Cartoon, Sweet, OL, Top Fashion, Celebrity, Ethnic</p><p><b>Pattern</b>: Geometric, Floral, Solid Color</p><p><b>Material</b>: Synthetic Crystal/Synthetic Gem, Gold Plated</p><p><b>Features</b>: Temperament simple and safe buckle sand gold inlaid jade bracelet women's versatile round design palace style bracelet bracelet<br></p>",img/a25935923ca944aeacd749cd7d12a0e2.jpg,,Size#,55.64,30.91,,,1,1,,,Bracelet,,Temperament Simple And Safe Buckle Sand Gold Inlaid Jade bracelet Women's Versatile Round Design Palace Style Bracelet,Temperament Simple And Safe Buckle Sand Gold Inlaid Jade bracelet Women's Versatile Round Design Palace Style Bracelet,Temperament Simple And Safe Buckle Sand Gold Inlaid Jade bracelet Women's Versatile Round Design Palace Style Bracelet,,,,,,,,,
IAGLCMT0017,Women's Bracelet Retro Style Owl Shaped Fashionable All Matched Accessory,,"<p><b>Item Id</b>: #0HR970AO1WE</p><p><b>Style</b>: Casual, Vintage, OL, Ethnic</p><p><b>Decoration</b>: Metal Decoration</p><p><b>Pattern</b>: Animal</p><p><b>Suitable For</b>: Women</p><p><b>Brand</b>: Infinite Charming Jewelry, SILVERAGE</p><p><b>Relative Keywords</b>: Accessory, Accessories</p><p><b>Material</b>: Alloy, Silver, Resin</p><p><b>Jewelry Type</b>: Fashion, Vintage</p>",img/a20871b6c19042ccb2baa242a965080a.jpg,,Size#,83.64,48.63,,,1,1,,,Bracelet,,Women's Bracelet Retro Style Owl Shaped Fashionable All Matched Accessory,Women's Bracelet Retro Style Owl Shaped Fashionable All Matched Accessory,Women's Bracelet Retro Style Owl Shaped Fashionable All Matched Accessory,,,,,,,,,
IAGLCMT0018,Women's Bracelet Watch Quartz Fashion Rhinestone Elegant Sweet Stylish Exquisite Watch Accessory,,"<p><b>Item Id</b>: #9VY990AAWJH</p><p><b>Pattern</b>: Geometric, Print, Letter, Polka Dot, Gradient Color, Camouflage</p><p><b>Style</b>: OL, Casual, Cartoon, Cute, Celebrity, Business, Vintage, Top Fashion, Retro, Sexy, Punk, Ethnic, Sweet, Pastoral</p><p><b>Closure Type</b>: Pin Buckle</p><p><b>Decoration</b>: Sequined, Letter, Contrast Color, Crystals, Rhinestone, Ribbons, Metal Decoration, Hollow out, Carving</p><p><b>Movement Type</b>: Quartz</p><p><b>Category</b>: Women's Watches</p><p><b>Band Material</b>: PU</p><p><b>Case Material</b>: Alloy</p><p><b>Display Type</b>: Pointer, Figure</p><p><b>Watch Type</b>: Luxury Watches, Sporty Watches</p><p><b>Features</b>: Thickness: 5mm<br>Special feature: World Time<br>Buckle style: Concealed buckle<br>Dial diameter: 24mm<br>Dial shape: round<br>Waterproof: No<br>Buckle material: stainless steel<br>Movement type: Quartz<br>Strap material: PU<br>Is suitable the crowd: Female<br>Table bottom type: ordinary<br>Crown type: Onion crown<br>Mirror material: ordinary glass mirror<br>Display type: pointer<br>Style: Fashion<br>Case material: Metal<br></p>",img/0020d6d30ef3454bb0e14deb5d8e1c15.jpg,,Size#Black:,68.38,39.99,,,1,1,,,Bracelet,,Women's Bracelet Watch Quartz Fashion Rhinestone Elegant Sweet Stylish Exquisite Watch Accessory,Women's Bracelet Watch Quartz Fashion Rhinestone Elegant Sweet Stylish Exquisite Watch Accessory,Women's Bracelet Watch Quartz Fashion Rhinestone Elegant Sweet Stylish Exquisite Watch Accessory,,,,,,,,,
IAGLCMT0019,Women's Fashion Bracelet Rhinestone Decor Hollow Out Design Stylish Delicate Bracelet,,"<p><b>Item Id</b>: #7EF990AO21G</p><p><b>Suitable For</b>: Women</p><p><b>Relative Keywords</b>: Accessory, Catenary/Necklace, Accessories</p><p><b>Material</b>: Copper, Zirconia, zircon</p><p><b>Jewelry Type</b>: Fashion, Basic, Fine</p>",img/c6166ab673074e029a8fc74296824b52.jpg,,Size#Yellow:,87.03,48.62,,,1,1,,,Bracelet,,Women's Fashion Bracelet Rhinestone Decor Hollow Out Design Stylish Delicate Bracelet,Women's Fashion Bracelet Rhinestone Decor Hollow Out Design Stylish Delicate Bracelet,Women's Fashion Bracelet Rhinestone Decor Hollow Out Design Stylish Delicate Bracelet,,,,,,,,,
IAGLCMT0020,2 Pieces Women's Crystal Bracelets Simple Adjustable Faddish Crystal Bracelets,,"<p><b>Item Id</b>: #2JG900AO58T</p><p><b>Decoration</b>: Rhinestone, Metal Decoration</p><p><b>Pattern</b>: Geometric</p><p><b>Suitable For</b>: Women</p><p><b>Style</b>: Casual, Vintage, Sweet, Top Fashion, Celebrity</p><p><b>Relative Keywords</b>: Accessory, Catenary/Necklace, Accessories</p><p><b>Material</b>: Alloy, Zircon/Rhinestone</p><p><b>Jewelry Type</b>: Fashion, Basic, Vintage</p>",img/c3af7a6f55af454ead4fa8f6e3f72a52.jpg,,Size#,86.54,48.62,,,1,1,,,Bracelet,,2 Pieces Women's Crystal Bracelets Simple Adjustable Faddish Crystal Bracelets,2 Pieces Women's Crystal Bracelets Simple Adjustable Faddish Crystal Bracelets,2 Pieces Women's Crystal Bracelets Simple Adjustable Faddish Crystal Bracelets,,,,,,,,,
IAGLCMT0021,Love Angel Wings Lace Bracelet Beaded Women'sWrist,,"<p><b>Item Id</b>: #A8P990AO902</p><p><b>Style</b>: Casual, Sexy, Sweet, OL, Top Fashion, Celebrity, Pastoral</p><p><b>Decoration</b>: Flowers, Crystals, Metal Decoration</p><p><b>Pattern</b>: Geometric, Floral</p><p><b>Suitable For</b>: Women</p><p><b>Brand</b>: Infinite Charming Jewelry</p><p><b>Relative Keywords</b>: Accessory, Catenary/Necklace, Accessories</p><p><b>Material</b>: Alloy</p><p><b>Jewelry Type</b>: Fashion, Basic, Fine</p><p><b>Features</b>: Love Angel Wings Lace Bracelet Beaded Women'sWrist<br></p>",img/b9f1f4062c8c45e2bf5c3e57452e5d2e.jpg,,Size#,84.48,49.99,,,1,1,,,Bracelet,,Love Angel Wings Lace Bracelet Beaded Women'sWrist,Love Angel Wings Lace Bracelet Beaded Women'sWrist,Love Angel Wings Lace Bracelet Beaded Women'sWrist,,,,,,,,,
IAGLCMT0022,Women's Bracelet Knitted Brief Style Faddish Accessory,,"<p><b>Item Id</b>: #2H2970AO055</p><p><b>Suitable For</b>: Women, Couple</p><p><b>Brand</b>: Infinite Charming Jewelry, Soufeel, NinaQueen</p><p><b>Relative Keywords</b>: Accessory, Catenary/Necklace, Accessories</p><p><b>Material</b>: Jean, Stainless Steel</p><p><b>Jewelry Type</b>: Fashion, Basic, Vintage</p>",img/41b7b932c1304fe9b204f742621c9870.jpg,,Size#Black:,90.16,49,,,1,1,,,Bracelet,,Women's Bracelet Knitted Brief Style Faddish Accessory,Women's Bracelet Knitted Brief Style Faddish Accessory,Women's Bracelet Knitted Brief Style Faddish Accessory,,,,,,,,,
IAGLCMT0023,3 Pieces Women's Fashion Bracelets Vintage Exaggerated Simple Versatile Fashion Bracelets,,"<p><b>Item Id</b>: #09A900AO55P</p><p><b>Style</b>: Sexy, Vintage, Punk, Top Fashion</p><p><b>Decoration</b>: Rhinestone, Metal Decoration</p><p><b>Pattern</b>: Solid Color</p><p><b>Suitable For</b>: Women</p><p><b>Relative Keywords</b>: Accessory, Accessories</p><p><b>Material</b>: Alloy</p><p><b>Jewelry Type</b>: Vintage</p>",img/eb8d9232622b4a42961f806b55d83b80.jpg,,Size#,78.29,48.63,,,1,1,,,Bracelet,,3 Pieces Women's Fashion Bracelets Vintage Exaggerated Simple Versatile Fashion Bracelets,3 Pieces Women's Fashion Bracelets Vintage Exaggerated Simple Versatile Fashion Bracelets,3 Pieces Women's Fashion Bracelets Vintage Exaggerated Simple Versatile Fashion Bracelets,,,,,,,,,
IAGLCMT0024,4 Pieces Women's Bracelet Set Mental Decoration Butterfly Shape Adjustable Fashion Accessory,,"<p><b>Item Id</b>: #09A900AO58E</p><p><b>Style</b>: Casual, Sexy, Vintage, Top Fashion</p><p><b>Decoration</b>: Metal Decoration</p><p><b>Pattern</b>: Animal, Letter</p><p><b>Suitable For</b>: Women</p><p><b>Relative Keywords</b>: Accessory, Accessories</p><p><b>Material</b>: Alloy, Resin</p><p><b>Jewelry Type</b>: Fashion, Basic, Vintage</p>",img/4928e845f8a04a9897f8e6bf6ad2fba0.jpg,,Size#,55.95,30.91,,,1,1,,,Bracelet,,4 Pieces Women's Bracelet Set Mental Decoration Butterfly Shape Adjustable Fashion Accessory,4 Pieces Women's Bracelet Set Mental Decoration Butterfly Shape Adjustable Fashion Accessory,4 Pieces Women's Bracelet Set Mental Decoration Butterfly Shape Adjustable Fashion Accessory,,,,,,,,,
IAGLCMT0025,Women's Fashion Bracelet Creative Butterfly Rhinestone Simple Accessory,,"<p><b>Item Id</b>: #D02910AO0CV</p><p><b>Style</b>: Casual, Vintage, Top Fashion</p><p><b>Decoration</b>: Rhinestone, Metal Decoration</p><p><b>Pattern</b>: Animal</p><p><b>Suitable For</b>: Women</p><p><b>Relative Keywords</b>: Accessory, Accessories</p><p><b>Material</b>: Alloy, Synthetic Crystal/Synthetic Gem</p><p><b>Jewelry Type</b>: Fashion, Vintage</p><p><b>Features</b>: Women's Fashion Bracelet Creative Butterfly Rhinestone Simple Accessory<br></p>",img/f941f6208b8b47c59ffce045569f037c.jpg,,Size#,87.03,48.62,,,1,1,,,Bracelet,,Women's Fashion Bracelet Creative Butterfly Rhinestone Simple Accessory,Women's Fashion Bracelet Creative Butterfly Rhinestone Simple Accessory,Women's Fashion Bracelet Creative Butterfly Rhinestone Simple Accessory,,,,,,,,,
IAGLCMT0026,Women's Fashion Bracelet Rhinestone Lock Simple Accessory,,"<p><b>Item Id</b>: #D02910AO11D</p><p><b>Style</b>: Casual, Vintage, Top Fashion</p><p><b>Decoration</b>: Rhinestone, Metal Decoration</p><p><b>Pattern</b>: Solid Color</p><p><b>Suitable For</b>: Women</p><p><b>Relative Keywords</b>: Accessory, Accessories</p><p><b>Material</b>: Alloy</p><p><b>Jewelry Type</b>: Fashion, Basic, Vintage</p><p><b>Features</b>: Women's Fashion Bracelet Rhinestone Lock Simple Accessory<br></p>",img/2899974e7f9b4feb8a334fcb29ee303c.jpg,,Size#,87.22,49,,,1,1,,,Bracelet,,Women's Fashion Bracelet Rhinestone Lock Simple Accessory,Women's Fashion Bracelet Rhinestone Lock Simple Accessory,Women's Fashion Bracelet Rhinestone Lock Simple Accessory,,,,,,,,,
IAGLCMT0027,SAN VITALE Men's Bracelet Magnetic Beading Accessory,,"<p><b>Item Id</b>: #5RVA090A164BB</p><p><b>Style</b>: Casual, Vintage, Top Fashion</p><p><b>Decoration</b>: Metal Decoration</p><p><b>Pattern</b>: Geometric, Solid Color</p><p><b>Category</b>: Beading Bracelets, Vintage Bracelets, Fashion Bracelets</p><p><b>Brand</b>: Infinite Charming Jewelry, SILVERAGE</p><p><b>Material</b>: Gemstones, Elastic</p><p><b>Jewelry Type</b>: Fashion, Basic, Fine</p>",img/36cb0bb50e3947d58457dab4bf2eabb9.jpg,,Size#,67.58,39.99,,,1,1,,,Bracelet,,SAN VITALE Men's Bracelet Magnetic Beading Accessory,SAN VITALE Men's Bracelet Magnetic Beading Accessory,SAN VITALE Men's Bracelet Magnetic Beading Accessory,,,,,,,,,
IAGLCMT0028,Women's Fashion Bracelet Double-Layer Chic Elegant Bracelet Accessory,,"<p><b>Item Id</b>: #517990AO5YB</p><p><b>Style</b>: Casual, Vintage, Sweet</p><p><b>Decoration</b>: Beading, Metal Decoration</p><p><b>Pattern</b>: Geometric</p><p><b>Suitable For</b>: Women</p><p><b>Relative Keywords</b>: Accessory</p><p><b>Material</b>: Alloy</p><p><b>Jewelry Type</b>: Fashion, Vintage, Fine</p>",img/045f7193396f420bbc636ee6e8493771.jpg,,Size#Silver:,89.18,49,,,1,1,,,Bracelet,,Women's Fashion Bracelet Double-Layer Chic Elegant Bracelet Accessory,Women's Fashion Bracelet Double-Layer Chic Elegant Bracelet Accessory,Women's Fashion Bracelet Double-Layer Chic Elegant Bracelet Accessory,,,,,,,,,
IAGLCMT0029,6Pcs Women's Bracelets Set Elegant Rhinestone Decor Retro Style Bracelets,,"<p><b>Item Id</b>: #517980AO875</p><p><b>Suitable For</b>: Women</p><p><b>Relative Keywords</b>: Accessory, Accessories, Catenary/Necklace</p><p><b>Material</b>: Alloy, zircon</p><p><b>Jewelry Type</b>: Basic, Fashion, Fine, Vintage</p>",img/445b9889ac6a4255822e4a36a06b4b4d.jpg,,Size#Gold:,82.17,48.62,,,1,1,,,Bracelet,,6Pcs Women's Bracelets Set Elegant Rhinestone Decor Retro Style Bracelets,6Pcs Women's Bracelets Set Elegant Rhinestone Decor Retro Style Bracelets,6Pcs Women's Bracelets Set Elegant Rhinestone Decor Retro Style Bracelets,,,,,,,,,
IAGLCMT0030,4Pcs Women's Bracelets Personalized All Match Fashion Bracelet Accessories,,"<p><b>Item Id</b>: #8Q9990AO20B</p><p><b>Suitable For</b>: Women</p><p><b>Relative Keywords</b>: Accessory, Catenary/Necklace, Accessories</p><p><b>Material</b>: Alloy</p><p><b>Jewelry Type</b>: Fashion, Basic, Fine</p><p><b>Features</b>: Women's 4Pcs Bracelets Personalized All Match Fashion Bracelet Accessories<br></p>",img/f1eb9f34e99542eca98c23a1a2ebd122.jpg,,Size#Gold:Silver:,65.13,39,,,1,1,,,Bracelet,,4Pcs Women's Bracelets Personalized All Match Fashion Bracelet Accessories,4Pcs Women's Bracelets Personalized All Match Fashion Bracelet Accessories,4Pcs Women's Bracelets Personalized All Match Fashion Bracelet Accessories,,,,,,,,,
IAGLCMT0031,4 Pcs Women's Fashion Bracelets Ladylike Heart Design Rhinestone Bracelets Accessory,,"<p><b>Item Id</b>: #2PJ990AO5AC</p><p><b>Suitable For</b>: Women</p><p><b>Relative Keywords</b>: Accessory, Accessories</p><p><b>Material</b>: Alloy, zircon</p><p><b>Jewelry Type</b>: Fashion, Vintage, Fine</p>",img/3e2cf647e6f74291b57e76729f0504bf.jpg,,Size#Gold:,85.26,49,,,1,1,,,Bracelet,,4 Pcs Women's Fashion Bracelets Ladylike Heart Design Rhinestone Bracelets Accessory,4 Pcs Women's Fashion Bracelets Ladylike Heart Design Rhinestone Bracelets Accessory,4 Pcs Women's Fashion Bracelets Ladylike Heart Design Rhinestone Bracelets Accessory,,,,,,,,,
IAGLCMT0032,Women's Fashion Bracelet Zircon Fresh Stylish Bracelet Accessory,,"<p><b>Item Id</b>: #8UG990AO68V</p><p><b>Style</b>: Casual, Sweet, OL, Celebrity</p><p><b>Decoration</b>: Rhinestone</p><p><b>Pattern</b>: Geometric</p><p><b>Suitable For</b>: Women</p><p><b>Relative Keywords</b>: Catenary/Necklace, Accessories</p><p><b>Material</b>: Copper</p><p><b>Jewelry Type</b>: Fashion, Fine</p>",img/7bc44c85db564362a3889cd88a3df727.jpg,,Size#,82.32,49,,,1,1,,,Bracelet,,Women's Fashion Bracelet Zircon Fresh Stylish Bracelet Accessory,Women's Fashion Bracelet Zircon Fresh Stylish Bracelet Accessory,Women's Fashion Bracelet Zircon Fresh Stylish Bracelet Accessory,,,,,,,,,
IAGLCMT0033,Women's Fashion Ring Zircon Flower Shaped Exquisite All Match Accessory,,"<p><b>Item Id</b>: #7EF980AB7DG</p><p><b>Suitable For</b>: Women</p><p><b>Brand</b>: Infinite Charming Jewelry</p><p><b>Relative Keywords</b>: Accessory, Catenary/Necklace, Accessories</p><p><b>Material</b>: Copper, Zirconia, zircon, Alloy/Silver Plating/Gold Plating, Silver Rhodium Plated</p><p><b>Jewelry Type</b>: Fashion, Fine</p>",img/fff973a9e7cd4700a4166277463ffe85.jpg,,Size#,65.13,39,,,1,1,,,ring,,Women's Fashion Ring Zircon Flower Shaped Exquisite All Match Accessory,Women's Fashion Ring Zircon Flower Shaped Exquisite All Match Accessory,Women's Fashion Ring Zircon Flower Shaped Exquisite All Match Accessory,,,,,,,,,
IAGLCMT0034,18k Rose Gold Two-Tone Princess Diamond Ring,,"<p><b>Item Id</b>: #CDM900AB664</p><p><b>Style</b>: Sexy, Sweet, OL, Top Fashion</p><p><b>Decoration</b>: Rhinestone</p><p><b>Pattern</b>: Solid Color</p><p><b>Material</b>: Alloy</p><p><b>Jewelry Type</b>: Fashion, Fine</p><p><b>Features</b>: made in China<br>Brand: Chaoyun/Super rhyme<br>Treatment process: electroplating<br>Type: ring, ring<br>Color: rose gold double color, real gold double color, white gold<br>Product Category: Hand Ornaments<br>Packaging: Individually packed<br>Size: No. 5, No. 6, No. 7, No. 8, No. 9, No. 10, No. 11<br>Main downstream platforms: eBay, Amazon, wish, AliExpress, Independent Station, LAZADA<br>Have licensable own brand: Yes<br>Inlay material: gold-plated inlaid artificial gems/semi-precious stones<br>Applicable gift-giving occasions: birthday<br>Style: Women's<br><br>Modeling: flowers<br>Custom processing: Yes<br>Whether cross-border export exclusive source of supply: Yes<br>Style: European and American<br>Main sales areas: Africa, Europe, South America, Southeast Asia, North America, Northeast Asia, Middle East<br></p>",img/f339c765b8074763a2627ed62c61d9dc.jpg,,Size#Gold:Rose Gold:Imitation Rhodium Plated:,56.57,30.91,,,1,1,,,ring,,18k Rose Gold Two-Tone Princess Diamond Ring,18k Rose Gold Two-Tone Princess Diamond Ring,18k Rose Gold Two-Tone Princess Diamond Ring,,,,,,,,,
IAGLCMT0035,Blue Signet Ring Stainless Steel Men Jewelry High Polished Wedding Party Accessories,,"<p><b>Item Id</b>: #8J4990AB0NM</p><p><b>Category</b>: casual ring, fashion ring</p><p><b>Relative Keywords</b>: Catenary/Necklace</p><p><b>Material</b>: Stainless Steel</p><p><b>Jewelry Type</b>: Fashion, Basic, Vintage</p><p><b>Features</b>: *<br>*Size:US standard ,other countries reference size conversion tables<br>*Hand polished,detail decides quality,value for money<br></p>",img/f904619c3740430c94c7b231a8ef5844.jpg,,Size#Black:,84.48,49.99,,,1,1,,,ring,,Blue Signet Ring Stainless Steel Men Jewelry High Polished Wedding Party Accessories,Blue Signet Ring Stainless Steel Men Jewelry High Polished Wedding Party Accessories,Blue Signet Ring Stainless Steel Men Jewelry High Polished Wedding Party Accessories,,,,,,,,,
IAGLCMT0036,Stainless Steel Solid Polished Mens Ring Size US 7-12,,"<p><b>Item Id</b>: #A7E990AB5SB</p><p><b>Style</b>: Casual, Punk</p><p><b>Decoration</b>: Metal Decoration</p><p><b>Pattern</b>: Solid Color</p><p><b>Category</b>: casual ring</p><p><b>Relative Keywords</b>: Accessory, Accessories</p><p><b>Material</b>: Alloy</p><p><b>Jewelry Type</b>: Fashion</p><p><b>Features</b>: Metal:Stainless Steel<br>Color:Silver,Black<br>Size:7,8,9,10,11,12,Available<br>Package Include:1 pcs<br>Sizes 	Inside Diameter 	Inside Circumference<br>US & Canada 	UK & Australia 	MM 	Inches 	MM 	Inches<br>7 	O 	17.35 	0.683 	54.51 	2.15<br>8 	Q 	18.19 	0.716 	57.15 	2.25<br>9 	R 3/4 	18.89 	0.748 	59.34 	2.35<br>10 	T 1/2 	19.84 	0.781 	62.33 	2.45<br>11 	V 1/2 	20.68 	0.814 	64.97 	2.56<br>12 	Y 	21.49 	0.846 	67.51 	2.66<br></p>",img/c9d0e380aaa64f29a4daa849559b1758.jpg,,Size#,82.67,48.63,,,1,1,,,ring,,Stainless Steel Solid Polished Mens Ring Size US 7-12,Stainless Steel Solid Polished Mens Ring Size US 7-12,Stainless Steel Solid Polished Mens Ring Size US 7-12,,,,,,,,,
IAGLCMT0037,Women's Fashion Ring Personality Elegant Flower Design Rhinestone Decor Lady Accessories,,"<p><b>Item Id</b>: #8UG990AB0VK</p><p><b>Suitable For</b>: Women</p><p><b>Relative Keywords</b>: Accessory</p><p><b>Material</b>: Copper, Zircon/Rhinestone</p><p><b>Jewelry Type</b>: Fashion</p>",img/958825a8d3154e50b412b3b9a2e30683.jpg,,Size#,78.28,48.62,,,1,1,,,ring,,Women's Fashion Ring Personality Elegant Flower Design Rhinestone Decor Lady Accessories,Women's Fashion Ring Personality Elegant Flower Design Rhinestone Decor Lady Accessories,Women's Fashion Ring Personality Elegant Flower Design Rhinestone Decor Lady Accessories,,,,,,,,,
IAGLCMT0038,Men's Ring Retro Style Fashion Casual Creative Jewelry,,"<p><b>Item Id</b>: #8UGA090A165N9</p><p><b>Style</b>: Casual, Vintage, OL, Punk</p><p><b>Decoration</b>: Carving</p><p><b>Pattern</b>: Animal</p><p><b>Category</b>: casual ring, fashion ring</p><p><b>Relative Keywords</b>: Accessory, Accessories</p><p><b>Material</b>: Stainless Steel</p><p><b>Jewelry Type</b>: Fashion, Vintage, Fine</p>",img/5b757a338e374a14995b1a4e01b349d6.jpg,,Size#,52.24,30.91,,,1,1,,,ring,,Men's Ring Retro Style Fashion Casual Creative Jewelry,Men's Ring Retro Style Fashion Casual Creative Jewelry,Men's Ring Retro Style Fashion Casual Creative Jewelry,,,,,,,,,
IAGLCMT0039,Rotatable Chain Ring Men Jewelry Stainless Steel Metal Relaxation Pressure 8mm Black,,"<p><b>Item Id</b>: #8J4980AB7B9</p><p><b>Category</b>: casual ring, fashion ring</p><p><b>Relative Keywords</b>: Accessory, Catenary/Necklace</p><p><b>Material</b>: Stainless Steel</p><p><b>Jewelry Type</b>: Fashion, Basic, Vintage</p><p><b>Features</b>: *<br>*Size:US standard ,other countries reference size conversion tables<br>*Artificial manual polishing,detail decides the quality.<br></p>",img/dd7f87cb3e3649cdae14dae4958bb761.jpg,,Size#,88.97,48.62,,,1,1,,,ring,,Rotatable Chain Ring Men Jewelry Stainless Steel Metal Relaxation Pressure 8mm Black,Rotatable Chain Ring Men Jewelry Stainless Steel Metal Relaxation Pressure 8mm Black,Rotatable Chain Ring Men Jewelry Stainless Steel Metal Relaxation Pressure 8mm Black,,,,,,,,,
IAGLCMT0040,Men's Ring Fashion Personality Wolf Head Alloy Decor Accessory,,"<p><b>Item Id</b>: #204990AB70D</p><p><b>Style</b>: Casual, Sexy, Vintage, Punk, Top Fashion</p><p><b>Decoration</b>: Carving</p><p><b>Pattern</b>: Animal, Geometric</p><p><b>Category</b>: casual ring, fashion ring</p><p><b>Relative Keywords</b>: Accessory, Catenary/Necklace, Accessories</p><p><b>Material</b>: Alloy</p><p><b>Jewelry Type</b>: Fashion, Vintage, Fine</p>",img/949a12a758a94da898a5afc01887ef7f.jpg,,Size#,63.57,39,,,1,1,,,ring,,Men's Ring Fashion Personality Wolf Head Alloy Decor Accessory,Men's Ring Fashion Personality Wolf Head Alloy Decor Accessory,Men's Ring Fashion Personality Wolf Head Alloy Decor Accessory,,,,,,,,,
IAGLCMT0041,Men's Ring Trendy Imitation Rhinestone Elegant Ring,,"<p><b>Item Id</b>: #5RVA090A165BT</p><p><b>Style</b>: Vintage, Punk, Top Fashion</p><p><b>Decoration</b>: Metal Decoration, Letter, Carving</p><p><b>Pattern</b>: Letter, Solid Color</p><p><b>Category</b>: casual ring, couple ring, fashion ring</p><p><b>Relative Keywords</b>: Accessory, Catenary/Necklace, Accessories</p><p><b>Material</b>: Stainless Steel, Gemstones</p><p><b>Jewelry Type</b>: Fashion, Basic, Fine</p>",img/3aadf0978c724babb2cb7456233b3bd5.jpg,,Size#,73.58,39.99,,,1,1,,,ring,,Men's Ring Trendy Imitation Rhinestone Elegant Ring,Men's Ring Trendy Imitation Rhinestone Elegant Ring,Men's Ring Trendy Imitation Rhinestone Elegant Ring,,,,,,,,,
IAGLCMT0042,6 Pieces Women's Fashion Rings Creative Ladylike Rings,,"<p><b>Item Id</b>: #2PJ990AB7L9</p><p><b>Style</b>: Casual, Vintage, Sweet, OL, Top Fashion, Celebrity, Pastoral, Ethnic</p><p><b>Decoration</b>: Metal Decoration</p><p><b>Pattern</b>: Geometric, Solid Color</p><p><b>Suitable For</b>: Women</p><p><b>Relative Keywords</b>: Accessory, Accessories</p><p><b>Material</b>: Alloy</p><p><b>Jewelry Type</b>: Fashion, Basic, Vintage, Fine</p>",img/aeb004c1bef24d30ba0387255ee2910a.jpg,,Size#,80.73,48.63,,,1,1,,,ring,,6 Pieces Women's Fashion Rings Creative Ladylike Rings,6 Pieces Women's Fashion Rings Creative Ladylike Rings,6 Pieces Women's Fashion Rings Creative Ladylike Rings,,,,,,,,,
IAGLCMT0043,Men's Key Ring Creative Bowling Pendant Key Ring,,"<p><b>Item Id</b>: #204A090A170RP</p><p><b>Style</b>: Casual, Sexy, Sweet, OL, Top Fashion, Celebrity, Pastoral</p><p><b>Decoration</b>: Metal Decoration</p><p><b>Pattern</b>: Solid Color</p><p><b>Relative Keywords</b>: Accessories</p><p><b>Material</b>: Alloy, Plastic</p><p><b>Features</b>: length:98*22*22mm<br>material: alloy+pvc<br></p>",img/897fe2bd922a4c27b5182bff911a1005.jpg,,Size#,51.62,30.91,,,1,1,,,ring,,Men's Key Ring Creative Bowling Pendant Key Ring,Men's Key Ring Creative Bowling Pendant Key Ring,Men's Key Ring Creative Bowling Pendant Key Ring,,,,,,,,,
IAGLCMT0044,Men's Ring Intelligent Feeling Temperature Ring Accessory,,"<p><b>Item Id</b>: #204990AB2A1</p><p><b>Category</b>: casual ring, couple ring, fashion ring</p><p><b>Relative Keywords</b>: Accessory, Catenary/Necklace, Accessories</p><p><b>Material</b>: Stainless Steel</p><p><b>Jewelry Type</b>: Fashion, Basic, Fine</p>",img/6c129877f2ee487899eee473d5a70e87.jpg,,Size#Black:,79.87,49,,,1,1,,,ring,,Men's Ring Intelligent Feeling Temperature Ring Accessory,Men's Ring Intelligent Feeling Temperature Ring Accessory,Men's Ring Intelligent Feeling Temperature Ring Accessory,,,,,,,,,
IAGLCMT0045,6 Pieces Women's Ring Set Fashionable All Match Rings,,"<p><b>Item Id</b>: #2PJ990AB7N7</p><p><b>Style</b>: Casual, Vintage, Sweet, OL, Top Fashion, Celebrity, Pastoral, Ethnic</p><p><b>Decoration</b>: Hollow out, Rhinestone, Metal Decoration, Carving</p><p><b>Pattern</b>: Geometric, Solid Color</p><p><b>Suitable For</b>: Women</p><p><b>Relative Keywords</b>: Accessory, Accessories</p><p><b>Material</b>: Alloy, Plush Rhinestone</p><p><b>Jewelry Type</b>: Fashion, Basic, Vintage, Fine</p>",img/8602fbe0fe6c45fb8b27d8a39a796b88.jpg,,Size#Silver:,52.86,30.91,,,1,1,,,ring,,6 Pieces Women's Ring Set Fashionable All Match Rings,6 Pieces Women's Ring Set Fashionable All Match Rings,6 Pieces Women's Ring Set Fashionable All Match Rings,,,,,,,,,
IAGLCMT0046,Men's Key Ring Hollow Out Handcuff Key Ring,,"<p><b>Item Id</b>: #204A090A170QT</p><p><b>Style</b>: Casual, Sexy, Top Fashion</p><p><b>Pattern</b>: Geometric, Solid Color</p><p><b>Relative Keywords</b>: Accessories</p><p><b>Material</b>: Stainless Steel, Alloy</p><p><b>Features</b>: size:48*30*3mm<br></p>",img/201b986897ea4dc9b447ed2c4bf73f9b.jpg,,Size#Silver:,65.91,39,,,1,1,,,ring,,Men's Key Ring Hollow Out Handcuff Key Ring,Men's Key Ring Hollow Out Handcuff Key Ring,Men's Key Ring Hollow Out Handcuff Key Ring,,,,,,,,,
IAGLCMT0047,6 Pieces Women's Ring Set Geometry Creative Rings Accessory,,"<p><b>Item Id</b>: #517990AI3HR</p><p><b>Style</b>: Casual, Vintage, Cartoon, Sweet, OL, Top Fashion, Celebrity, Pastoral, Ethnic</p><p><b>Decoration</b>: Hollow out, Metal Decoration</p><p><b>Pattern</b>: Geometric, Solid Color</p><p><b>Suitable For</b>: Women</p><p><b>Relative Keywords</b>: Accessory, Accessories</p><p><b>Material</b>: Alloy</p><p><b>Jewelry Type</b>: Fashion, Basic, Fine</p>",img/5996bec325cc4b39bfd912d377146df2.jpg,,Size#Silver:,79.38,49,,,1,1,,,ring,,6 Pieces Women's Ring Set Geometry Creative Rings Accessory,6 Pieces Women's Ring Set Geometry Creative Rings Accessory,6 Pieces Women's Ring Set Geometry Creative Rings Accessory,,,,,,,,,
IAGLCMT0048,Unisex Fashion Ring Roman Numerals Carving Rhinestone Inlaid Simple Solid Color Stainless Steel Accessory,,"<p><b>Item Id</b>: #204990AB4HD</p><p><b>Style</b>: Casual, Sweet, OL, Top Fashion, Celebrity</p><p><b>Decoration</b>: Letter, Carving</p><p><b>Pattern</b>: Character, Letter, Solid Color</p><p><b>Category</b>: casual ring, fashion ring</p><p><b>Relative Keywords</b>: Accessory, Catenary/Necklace, Accessories</p><p><b>Material</b>: Stainless Steel</p><p><b>Jewelry Type</b>: Fashion, Basic, Fine</p><p><b>Features</b>: Craft: Electroplating Polished Rhinestone Inlaid<br>Decoration: Numerals<br>Width: 4mm<br>Suitable for men and women.<br></p>",img/8793bc5e7eb740278d57aece18895887.jpg,,Size#,53.47,30.91,,,1,1,,,ring,,Unisex Fashion Ring Roman Numerals Carving Rhinestone Inlaid Simple Solid Color Stainless Steel Accessory,Unisex Fashion Ring Roman Numerals Carving Rhinestone Inlaid Simple Solid Color Stainless Steel Accessory,Unisex Fashion Ring Roman Numerals Carving Rhinestone Inlaid Simple Solid Color Stainless Steel Accessory,,,,,,,,,
IAGLCMT0049,Men's Ring Mental Decoration Vintage Fashion Ring,,"<p><b>Item Id</b>: #5RVA090A164U1</p><p><b>Style</b>: Casual, Vintage, Top Fashion, Ethnic</p><p><b>Decoration</b>: Metal Decoration, Carving</p><p><b>Pattern</b>: Geometric, Solid Color</p><p><b>Category</b>: casual ring, fashion ring</p><p><b>Relative Keywords</b>: Accessory, Catenary/Necklace, Accessories</p><p><b>Material</b>: Alloy, Gold Plated, Silver Plated</p><p><b>Jewelry Type</b>: Fashion, Vintage, Religious</p>",img/2804c6ce57a74834a6c431c5f07d2905.jpg,,Size#,53.47,30.91,,,1,1,,,ring,,Men's Ring Mental Decoration Vintage Fashion Ring,Men's Ring Mental Decoration Vintage Fashion Ring,Men's Ring Mental Decoration Vintage Fashion Ring,,,,,,,,,
IAGLCMT0050,18K Gold Plated Round Rhinestone Crystal Weding Ring,,"<p><b>Item Id</b>: #C5W910AB1SZ</p><p><b>Style</b>: Casual, Top Fashion</p><p><b>Decoration</b>: Metal Decoration</p><p><b>Pattern</b>: Geometric</p><p><b>Suitable For</b>: Women</p><p><b>Relative Keywords</b>: Accessory, Catenary/Necklace, Accessories</p><p><b>Material</b>: Alloy/Silver Plating/Gold Plating</p><p><b>Jewelry Type</b>: Fashion</p><p><b>Features</b>: Fashion Luxury 18K Gold Plated Round Rhinestone Crystal Winding Ring Prong Setting Wedding Engagement Rings for Women <br><br><br>Item Type: Ring<br><br>Gender: Women<br><br>Shapepattern: Round<br><br>Setting Type: Prong Setting<br><br><br><br>Stone Color: Clear<br><br>Metals Type: Copper<br><br>Plating: Gold Plated <br><br>Style: Fashion, Luxury<br><br>Occasion: Wedding, Engagement<br><br>Environmental Standard: Lead, Nickel, Cadmium free<br><br> Weight: 3.4g<br><br>Width Max.: 1.5cm<br><br>Size: 5/6/7/8/9/10<br>Package: 1 x Ring<br></p>",img/b7fff42e035f4b32bb936890d7647369.jpg,,Size#Gold:,68.64,39,,,1,1,,,ring,,18K Gold Plated Round Rhinestone Crystal Weding Ring,18K Gold Plated Round Rhinestone Crystal Weding Ring,18K Gold Plated Round Rhinestone Crystal Weding Ring,,,,,,,,,
IAGLCMT0051,Basic 2MM Thin Wedding Rings for Women High Polished Plain Stainless Steel Female Girl Finger Ring,,"<p><b>Item Id</b>: #8J4990AB2AT</p><p><b>Suitable For</b>: Women</p><p><b>Relative Keywords</b>: Catenary/Necklace, Accessories</p><p><b>Material</b>: Stainless Steel</p><p><b>Jewelry Type</b>: Fashion, Basic</p><p><b>Features</b>: *<br>*Width:2mm<br>*Size: US Size #4- #10<br>*Hand polished,detail decides quality,value for money<br></p>",img/6e0b7299aa1a40b1b7bdbf8082586778.jpg,,Size#,82.17,48.62,,,1,1,,,ring,,Basic 2MM Thin Wedding Rings for Women High Polished Plain Stainless Steel Female Girl Finger Ring,Basic 2MM Thin Wedding Rings for Women High Polished Plain Stainless Steel Female Girl Finger Ring,Basic 2MM Thin Wedding Rings for Women High Polished Plain Stainless Steel Female Girl Finger Ring,,,,,,,,,
IAGLCMT0052,Men's Ring Simple Fashion All-Match Stainless Steel Accessory,,"<p><b>Item Id</b>: #5RVA090A164CV</p><p><b>Style</b>: Vintage, Punk, Top Fashion</p><p><b>Decoration</b>: Metal Decoration, Letter, Carving</p><p><b>Pattern</b>: Letter, Solid Color</p><p><b>Category</b>: casual ring, couple ring, fashion ring</p><p><b>Relative Keywords</b>: Accessory, Catenary/Necklace, Accessories</p><p><b>Material</b>: Stainless Steel, Gold Plated</p><p><b>Jewelry Type</b>: Fashion, Basic, Fine</p>",img/a46475d148fc4a32b319d79988f74dd3.jpg,,Size#,68.38,39.99,,,1,1,,,ring,,Men's Ring Simple Fashion All-Match Stainless Steel Accessory,Men's Ring Simple Fashion All-Match Stainless Steel Accessory,Men's Ring Simple Fashion All-Match Stainless Steel Accessory,,,,,,,,,
IAGLCMT0053,Men's 1 Pair Rings Letter Pattern Ring Accessory,,"<p><b>Item Id</b>: #204980AB6DG</p><p><b>Category</b>: casual ring, couple ring, fashion ring</p><p><b>Relative Keywords</b>: Accessory, Catenary/Necklace, Accessories</p><p><b>Material</b>: Stainless Steel</p><p><b>Jewelry Type</b>: Fashion, Basic, Fine</p>",img/30ec5887c0aa4ae5b5fc2ddd3d7fbf44.jpg,,Size#,88.98,49.99,,,1,1,,,ring,,Men's 1 Pair Rings Letter Pattern Ring Accessory,Men's 1 Pair Rings Letter Pattern Ring Accessory,Men's 1 Pair Rings Letter Pattern Ring Accessory,,,,,,,,,
IAGLCMT0054,Men's Ring Solid Color Stainless Steel Ring Accessory,,<p><b>Item Id</b>: #8UG990AB1KU</p><p><b>Category</b>: casual ring</p><p><b>Relative Keywords</b>: Accessory</p><p><b>Material</b>: Stainless Steel</p><p><b>Jewelry Type</b>: Fashion</p>,img/8f65dbf9f3054c429ac8950f9b2cf91e.jpg,,Size#Black:Silver:,91.48,49.99,,,1,1,,,ring,,Men's Ring Solid Color Stainless Steel Ring Accessory,Men's Ring Solid Color Stainless Steel Ring Accessory,Men's Ring Solid Color Stainless Steel Ring Accessory,,,,,,,,,
IAGLCMT0055,2Pcs Women's Ring Set Creative Alloy Ethnic Hollow Out Rings Accessory,,"<p><b>Item Id</b>: #2PJ990AB59T</p><p><b>Style</b>: Casual, Sexy, Vintage, Sweet, OL, Punk, Celebrity, Ethnic</p><p><b>Decoration</b>: Hollow out, Metal Decoration</p><p><b>Pattern</b>: Geometric, Figure</p><p><b>Suitable For</b>: Women, Couple</p><p><b>Relative Keywords</b>: Accessory, Accessories</p><p><b>Material</b>: Alloy</p><p><b>Jewelry Type</b>: Fashion, Basic, Vintage</p>",img/5a2faab7a4dc4dd2b0dd635958ebeada.jpg,,Size#Gold:,69.98,39.99,,,1,1,,,ring,,2Pcs Women's Ring Set Creative Alloy Ethnic Hollow Out Rings Accessory,2Pcs Women's Ring Set Creative Alloy Ethnic Hollow Out Rings Accessory,2Pcs Women's Ring Set Creative Alloy Ethnic Hollow Out Rings Accessory,,,,,,,,,
IAGLCMT0056,Women's Double-sided Glass Ball Gray Moon Time Ruby Pendant Necklace,,"<p><b>Item Id</b>: #C8C900AK0EK</p><p><b>Decoration</b>: Beading, Metal Decoration, Contrast Color</p><p><b>Pattern</b>: Geometric</p><p><b>Suitable For</b>: Women, Couple</p><p><b>Shape/Pattern</b>: Round/Circle, Sun/Moon/Star, Geometric</p><p><b>Style</b>: Vintage, Sweet, Cute, Bohemia, Classic/Vintage, Court, Ethnic</p><p><b>Length</b>: Below 60cm</p><p><b>Brand</b>: Infinite Charming Jewelry, Soufeel, NinaQueen, LadyColour, MOTIF, MOODBYME</p><p><b>Relative Keywords</b>: Accessory, Catenary/Necklace, Accessories</p><p><b>Material</b>: Others, Swarovski Semi-finished Crystal Swarovski</p><p><b>Jewelry Type</b>: Fashion, Basic, Vintage, Fine</p><p><b>Features</b>: Product specifications: pendant design 12 mm in diameter<br>Product weight: about 12 mm = 10 grams<br>Product color: bronze, silver<br><br>[ product description ] this necklace steel mould die-casting, plating surface protection, do manual work is delicate, elegant appearance, unique personality, is the gift of choice<br></p>",img/316a6f83467a404baff107cd9d612058.jpg,,Size#,88.98,49.99,,,1,1,,,necklace,,Women's Double-sided Glass Ball Gray Moon Time Ruby Pendant Necklace,Women's Double-sided Glass Ball Gray Moon Time Ruby Pendant Necklace,Women's Double-sided Glass Ball Gray Moon Time Ruby Pendant Necklace,,,,,,,,,
IAGLCMT0057,2 Pieces Couples Love Deer Necklaces Gift For Her,,"<p><b>Item Id</b>: #C8C900AM5MT</p><p><b>Style</b>: Sweet, Top Fashion</p><p><b>Decoration</b>: Metal Decoration, Letter, Carving</p><p><b>Pattern</b>: Animal, Geometric, Letter, Solid Color</p><p><b>Suitable For</b>: Women, Couple</p><p><b>Brand</b>: Infinite Charming Jewelry, SILVERAGE, Soufeel, NinaQueen, LadyColour, MOTIF, MOODBYME</p><p><b>Relative Keywords</b>: Accessory, Catenary/Necklace, Accessories</p><p><b>Material</b>: Alloy</p><p><b>Jewelry Type</b>: Fashion, Basic, Vintage, Fine</p><p><b>Features</b>: <br>Treatment: electroplating<br>The chain length: 50 cm<br></p>",img/3035bb7b00604ff7846b03295eb85c2f.jpg,,Size#,50.38,30.91,,,1,1,,,necklace,,2 Pieces Couples Love Deer Necklaces Gift For Her,2 Pieces Couples Love Deer Necklaces Gift For Her,2 Pieces Couples Love Deer Necklaces Gift For Her,,,,,,,,,
IAGLCMT0058,Women's Fashion Necklace Lock Decor Simple Accessory,,"<p><b>Item Id</b>: #09A900AM6X7</p><p><b>Style</b>: Casual, Sexy, Vintage</p><p><b>Decoration</b>: Metal Decoration</p><p><b>Pattern</b>: Solid Color</p><p><b>Suitable For</b>: Women</p><p><b>Relative Keywords</b>: Catenary/Necklace, Accessories</p><p><b>Material</b>: Alloy/Silver Plating/Gold Plating</p><p><b>Jewelry Type</b>: Basic, Vintage</p>",img/1bbe3fc595b942fd9f81e40177247572.jpg,,Size#,55.33,30.91,,,1,1,,,necklace,,Women's Fashion Necklace Lock Decor Simple Accessory,Women's Fashion Necklace Lock Decor Simple Accessory,Women's Fashion Necklace Lock Decor Simple Accessory,,,,,,,,,
IAGLCMT0059,3 Pieces Women's Fashion Necklaces Simple Trendy 3 Layers Accessories,,"<p><b>Item Id</b>: #2JG900AM5YD</p><p><b>Style</b>: Vintage, Sweet, Top Fashion</p><p><b>Decoration</b>: Beading, Metal Decoration</p><p><b>Pattern</b>: Geometric</p><p><b>Suitable For</b>: Women</p><p><b>Relative Keywords</b>: Accessory, Catenary/Necklace, Accessories</p><p><b>Material</b>: Alloy, Gemstones</p><p><b>Jewelry Type</b>: Fashion, Basic, Vintage</p>",img/f58c8718cbb1424bbb72c0e80dd64065.jpg,,Size#Flower:,72.15,39,,,1,1,,,necklace,,3 Pieces Women's Fashion Necklaces Simple Trendy 3 Layers Accessories,3 Pieces Women's Fashion Necklaces Simple Trendy 3 Layers Accessories,3 Pieces Women's Fashion Necklaces Simple Trendy 3 Layers Accessories,,,,,,,,,
IAGLCMT0060,3 Pieces Women's Fashion Necklaces Metal Letter Simple Accessories,,"<p><b>Item Id</b>: #D02910AL0JE</p><p><b>Style</b>: Casual, Sexy, Vintage, Top Fashion</p><p><b>Decoration</b>: Metal Decoration</p><p><b>Pattern</b>: Character, Letter</p><p><b>Suitable For</b>: Women</p><p><b>Relative Keywords</b>: Catenary/Necklace, Accessories</p><p><b>Material</b>: Alloy/Silver Plating/Gold Plating</p><p><b>Jewelry Type</b>: Fashion, Vintage</p><p><b>Features</b>: 3 Pieces Women's Fashion Necklaces Metal Letter Simple Accessories<br></p>",img/24f9e15aa7234780bd3e3e8043d93cd3.jpg,,Size#,80.48,49.99,,,1,1,,,necklace,,3 Pieces Women's Fashion Necklaces Metal Letter Simple Accessories,3 Pieces Women's Fashion Necklaces Metal Letter Simple Accessories,3 Pieces Women's Fashion Necklaces Metal Letter Simple Accessories,,,,,,,,,
IAGLCMT0061,100 Languages I Love You Necklace Love Necklace Love Memory Projection Pendant Necklace For Women Lover Mom,,"<p><b>Item Id</b>: #CFC900AM62Y</p><p><b>Style</b>: Casual, Sexy, Vintage, Sweet, OL, Top Fashion</p><p><b>Decoration</b>: Hollow out, Metal Decoration, Letter</p><p><b>Pattern</b>: Geometric, Letter, Solid Color</p><p><b>Suitable For</b>: Women, Couple</p><p><b>Relative Keywords</b>: Accessory, Catenary/Necklace, Accessories</p><p><b>Material</b>: Alloy/Silver Plating/Gold Plating</p><p><b>Jewelry Type</b>: Fashion</p><p><b>Features</b>: Features:<br>. Exquisite handmade make a long lasting shiny look.<br>. Creative personalized pendant design, it is fashionable.<br>. Stylish popular and beautiful, give you the most charming look.<br>. Wonderful Man for yourself and your loved ones!<br>. Very elegant and fashion, easy to match various styles. <br><br>Descriptions:<br>. Made by qualified material, it is safe and durable for long time wear.<br>. A perfect jewelry to match your outfit for party, dating, daily, etc.<br>. Unique design make you more attractive.<br><br>Specifications:<br><br>Color: silver, Rose gold<br>Pendant size: 16.5x12.5x7mm, 19.3x7.4mm<br>Chain length: 500mm<br><br>Package included: <br>1 x Women Alloy Necklace<br><br>Notes:<br>1. Please allow 1-3mm measure error.<br>2. The color of the actual items may slightly vary from the above images due to different computer screen, thanks for your understanding.<br></p>",img/983cb308c88a4d7186069fda6edb402d.jpg,,Size#Style 3:,80.22,48.62,,,1,1,,,necklace,,100 Languages I Love You Necklace Love Necklace Love Memory Projection Pendant Necklace For Women Lover Mom,100 Languages I Love You Necklace Love Necklace Love Memory Projection Pendant Necklace For Women Lover Mom,100 Languages I Love You Necklace Love Necklace Love Memory Projection Pendant Necklace For Women Lover Mom,,,,,,,,,
IAGLCMT0062,Women's Fashion Necklace Cherry Decor Simple Accessory,,"<p><b>Item Id</b>: #09A900AM66Y</p><p><b>Style</b>: Casual, Vintage, Punk, Top Fashion</p><p><b>Decoration</b>: Metal Decoration</p><p><b>Pattern</b>: Candy Color</p><p><b>Suitable For</b>: Women</p><p><b>Relative Keywords</b>: Catenary/Necklace, Accessories</p><p><b>Material</b>: Others</p><p><b>Jewelry Type</b>: Fashion, Vintage</p>",img/51fadb511cd84ae881e765276df04894.jpg,,Size#,53.78,30.91,,,1,1,,,necklace,,Women's Fashion Necklace Cherry Decor Simple Accessory,Women's Fashion Necklace Cherry Decor Simple Accessory,Women's Fashion Necklace Cherry Decor Simple Accessory,,,,,,,,,
IAGLCMT0063,Necklace American Pop Female Singer Billie Eilish Photo Poster Cover Series Necklace Jewelry,,"<p><b>Item Id</b>: #A7D900AM25T</p><p><b>Decoration</b>: Metal Decoration</p><p><b>Pattern</b>: Character, Geometric, Cartoon, Figure</p><p><b>Suitable For</b>: Women, Couple</p><p><b>Shape/Pattern</b>: Expression/Portrait/Figure, Letter/Number, Geometric</p><p><b>Style</b>: Casual, Other, Cute, Bohemia, Simple/Neutral</p><p><b>Relative Keywords</b>: Catenary/Necklace, Accessories</p><p><b>Material</b>: Stainless Steel</p><p><b>Jewelry Type</b>: Fashion, Basic, Vintage, Fine</p><p><b>Features</b>: [Safety material] -Necklace made of food-grade stainless steel, durable, never rust, discoloration, corrosion, discoloration, hypoallergenic and nickel-free, lead-free, 100% healthy, will not turn black Change skin black and oxidized, never fade and anti-allergic.<br>[High Quality]-Highly polished, smooth surface, durable, stylish design, beautiful and eye-catching, once you wear it, it looks very stylish and personalized.<br>[Souvenirs] -The best gifts and souvenirs for fans, family, friends, boyfriends, children and girlfriends who like rapper most, they like Billie Eilish and express their support for Billie Eilish.<br>[Intention]-Packed in exquisite jewelry gift bags, to provide exquisite gifts for your friends and family, suitable for Christmas, anniversary, Thanksgiving, Valentine's Day wedding, birthday and New Year jewelry gifts.<br>[Fashion Design] The most fashionable design allows you to stand at the forefront of fashion and enjoy the admiration and envy of others. Not only suitable for summer and beach, but also for your daily life, and it is perfectly matched with a variety of casual clothing.<br></p>",img/9e08b3eef2a64d868ad94cf97f3f8925.jpg,,Size#Style 2:Style 5:,71.37,39,,,1,1,,,necklace,,Necklace American Pop Female Singer Billie Eilish Photo Poster Cover Series Necklace Jewelry,Necklace American Pop Female Singer Billie Eilish Photo Poster Cover Series Necklace Jewelry,Necklace American Pop Female Singer Billie Eilish Photo Poster Cover Series Necklace Jewelry,,,,,,,,,
IAGLCMT0064,Women's Multi-Layer Necklace Vogue Personalized Chain Necklace Accessory,,"<p><b>Item Id</b>: #09A990AM45Y</p><p><b>Style</b>: Casual, Vintage, Top Fashion</p><p><b>Decoration</b>: Metal Decoration</p><p><b>Pattern</b>: Solid Color</p><p><b>Suitable For</b>: Women</p><p><b>Relative Keywords</b>: Accessory, Catenary/Necklace, Accessories</p><p><b>Material</b>: Alloy</p><p><b>Jewelry Type</b>: Fashion, Basic, Vintage</p>",img/ae6787e1b83943ecb9dabac70cf3340c.jpg,,Size#Silver:,52.24,30.91,,,1,1,,,necklace,,Women's Multi-Layer Necklace Vogue Personalized Chain Necklace Accessory,Women's Multi-Layer Necklace Vogue Personalized Chain Necklace Accessory,Women's Multi-Layer Necklace Vogue Personalized Chain Necklace Accessory,,,,,,,,,
IAGLCMT0065,Women's Multi-Layer Necklace Star Moon Pattern Pendant Necklace Accessory,,"<p><b>Item Id</b>: #2PJ990AM3XP</p><p><b>Suitable For</b>: Women</p><p><b>Relative Keywords</b>: Accessory, Catenary/Necklace</p><p><b>Material</b>: Alloy, Zircon/Rhinestone</p><p><b>Jewelry Type</b>: Fashion, Basic, Vintage</p>",img/f526b2bb5e6e44fdbf54932e467fdcc3.jpg,,Size#,78.78,48.63,,,1,1,,,necklace,,Women's Multi-Layer Necklace Star Moon Pattern Pendant Necklace Accessory,Women's Multi-Layer Necklace Star Moon Pattern Pendant Necklace Accessory,Women's Multi-Layer Necklace Star Moon Pattern Pendant Necklace Accessory,,,,,,,,,
IAGLCMT0066,Men's Necklace Simple Rhinestone All-Match Stainless Steel Accessory,,"<p><b>Item Id</b>: #8UG900AM742</p><p><b>Style</b>: Casual, Sexy, Vintage, Sweet, OL, Top Fashion, Celebrity</p><p><b>Decoration</b>: Rhinestone</p><p><b>Pattern</b>: Geometric</p><p><b>Jewelry Category</b>: Fashion Necklace</p><p><b>Relative Keywords</b>: Accessory, Catenary/Necklace, Accessories</p><p><b>Material</b>: Stainless Steel</p><p><b>Jewelry Type</b>: Fashion, Basic, Vintage</p>",img/4df700a9a8584128b08e920fca612e28.jpg,,Size#,52.86,30.91,,,1,1,,,necklace,,Men's Necklace Simple Rhinestone All-Match Stainless Steel Accessory,Men's Necklace Simple Rhinestone All-Match Stainless Steel Accessory,Men's Necklace Simple Rhinestone All-Match Stainless Steel Accessory,,,,,,,,,
IAGLCMT0067,4 Pieces Women's Fashion Necklaces Rhinestone Butterfly Bear Simple Accessories,,"<p><b>Item Id</b>: #09A900AM6X4</p><p><b>Style</b>: Casual, Sexy, Vintage</p><p><b>Decoration</b>: Rhinestone, Metal Decoration</p><p><b>Pattern</b>: Animal</p><p><b>Suitable For</b>: Women</p><p><b>Relative Keywords</b>: Catenary/Necklace, Accessories</p><p><b>Material</b>: Alloy/Silver Plating/Gold Plating, Zircon/Rhinestone</p><p><b>Jewelry Type</b>: Fashion, Vintage</p>",img/5a0cd8e8a4854d9c844f0218f11bd6dd.jpg,,Size#,79.25,48.62,,,1,1,,,necklace,,4 Pieces Women's Fashion Necklaces Rhinestone Butterfly Bear Simple Accessories,4 Pieces Women's Fashion Necklaces Rhinestone Butterfly Bear Simple Accessories,4 Pieces Women's Fashion Necklaces Rhinestone Butterfly Bear Simple Accessories,,,,,,,,,
IAGLCMT0068,SAN VITALE Women's Multi-Layer Necklace Imitation Rhinestone Moon Pendant Necklace,,"<p><b>Item Id</b>: #5RV900AM3UB</p><p><b>Style</b>: Casual</p><p><b>Decoration</b>: Letter</p><p><b>Pattern</b>: Solid Color</p><p><b>Suitable For</b>: Women</p><p><b>Brand</b>: Infinite Charming Jewelry</p><p><b>Relative Keywords</b>: Accessory, Catenary/Necklace, Accessories</p><p><b>Material</b>: Alloy/Silver Plating/Gold Plating</p><p><b>Jewelry Type</b>: Fashion</p>",img/05fafaebe75e4716bc9772b7291919c9.jpg,,Size#Gold:,69.58,39.99,,,1,1,,,necklace,,SAN VITALE Women's Multi-Layer Necklace Imitation Rhinestone Moon Pendant Necklace,SAN VITALE Women's Multi-Layer Necklace Imitation Rhinestone Moon Pendant Necklace,SAN VITALE Women's Multi-Layer Necklace Imitation Rhinestone Moon Pendant Necklace,,,,,,,,,
IAGLCMT0069,Women's Multi-Layer Necklace Retro Rhinestone Metal Simple Accessory,,"<p><b>Item Id</b>: #D02910AM1FT</p><p><b>Style</b>: Casual, Vintage, Punk, Top Fashion</p><p><b>Decoration</b>: Rhinestone, Metal Decoration</p><p><b>Pattern</b>: Solid Color</p><p><b>Suitable For</b>: Women</p><p><b>Relative Keywords</b>: Catenary/Necklace, Accessories</p><p><b>Material</b>: Alloy/Silver Plating/Gold Plating, Zircon/Rhinestone</p><p><b>Jewelry Type</b>: Fashion, Basic, Vintage</p><p><b>Features</b>: Women's Multi-Layer Necklace Retro Rhinestone Metal Simple Accessory<br></p>",img/e1f123adcac14b3a81762c194ed02d7a.jpg,,Size#,82.17,48.62,,,1,1,,,necklace,,Women's Multi-Layer Necklace Retro Rhinestone Metal Simple Accessory,Women's Multi-Layer Necklace Retro Rhinestone Metal Simple Accessory,Women's Multi-Layer Necklace Retro Rhinestone Metal Simple Accessory,,,,,,,,,
IAGLCMT0070,Women's Fashion Necklace Imitation Pearl Design Ladylike Necklace Accessory,,"<p><b>Item Id</b>: #09A990AM500</p><p><b>Style</b>: Casual, Sexy</p><p><b>Decoration</b>: Beading</p><p><b>Suitable For</b>: Women</p><p><b>Relative Keywords</b>: Accessory, Catenary/Necklace, Accessories</p><p><b>Material</b>: Alloy, Imitation Pearl</p><p><b>Jewelry Type</b>: Fashion, Basic, Fine</p>",img/22206be1d1d44b198d892b2de577be33.jpg,,Size#,73.58,39.99,,,1,1,,,necklace,,Women's Fashion Necklace Imitation Pearl Design Ladylike Necklace Accessory,Women's Fashion Necklace Imitation Pearl Design Ladylike Necklace Accessory,Women's Fashion Necklace Imitation Pearl Design Ladylike Necklace Accessory,,,,,,,,,
IAGLCMT0071,Women's Fashion Necklace Rhinestone Butterfly Decor Simple Accessory,,"<p><b>Item Id</b>: #C1A900AM596</p><p><b>Style</b>: Casual, Sexy, Vintage, Sweet, OL, Punk, Top Fashion, Celebrity, Pastoral, Ethnic</p><p><b>Decoration</b>: Bow</p><p><b>Pattern</b>: Geometric, Solid Color</p><p><b>Suitable For</b>: Women</p><p><b>Relative Keywords</b>: Accessory, Catenary/Necklace</p><p><b>Material</b>: Alloy</p><p><b>Jewelry Type</b>: Fashion, Basic, Vintage, Fine</p><p><b>Features</b>: Women's Fashion Necklace Rhinestone Butterfly Decor Simple Accessory<br></p>",img/d9bb4c6daa944be690cc69c0357819d8.jpg,,Size#Silver:,83.14,48.62,,,1,1,,,necklace,,Women's Fashion Necklace Rhinestone Butterfly Decor Simple Accessory,Women's Fashion Necklace Rhinestone Butterfly Decor Simple Accessory,Women's Fashion Necklace Rhinestone Butterfly Decor Simple Accessory,,,,,,,,,
IAGLCMT0072,Men's Necklace Vintage Round Shape Pendant Accessory,,<p><b>Item Id</b>: #8UGA090A1628Z</p><p><b>Layers</b>: 1 Layer</p><p><b>Jewelry Category</b>: Vintage Necklace</p><p><b>Relative Keywords</b>: Accessory</p><p><b>Material</b>: Stainless Steel</p><p><b>Jewelry Type</b>: Vintage</p>,img/294f7669b31c4d1db613b1b299cbd977.jpg,,Size#,66.78,39.99,,,1,1,,,necklace,,Men's Necklace Vintage Round Shape Pendant Accessory,Men's Necklace Vintage Round Shape Pendant Accessory,Men's Necklace Vintage Round Shape Pendant Accessory,,,,,,,,,
IAGLCMT0073,Clavicle Chain Short Necklace Pendant Sweater Chain Men's Women's Crystal Dot Multi Layer Necklace,,"<p><b>Item Id</b>: #CT8910AM13T</p><p><b>Style</b>: Casual, Sexy, Vintage, Sweet, Punk, Top Fashion</p><p><b>Decoration</b>: Metal Decoration</p><p><b>Pattern</b>: Geometric, Solid Color</p><p><b>Suitable For</b>: Women</p><p><b>Relative Keywords</b>: Accessory, Catenary/Necklace, Accessories</p><p><b>Material</b>: Alloy</p><p><b>Jewelry Type</b>: Fashion, Basic, Fine</p><p><b>Features</b>: Clavicle Chain Short Necklace Pendant Sweater Chain Men's Women's Crystal Dot Multi Layer Necklace<br></p>",img/72e42e20620f4a98a2547bb970dc2a5e.jpg,,Size#,88.48,49.99,,,1,1,,,necklace,,Clavicle Chain Short Necklace Pendant Sweater Chain Men's Women's Crystal Dot Multi Layer Necklace,Clavicle Chain Short Necklace Pendant Sweater Chain Men's Women's Crystal Dot Multi Layer Necklace,Clavicle Chain Short Necklace Pendant Sweater Chain Men's Women's Crystal Dot Multi Layer Necklace,,,,,,,,,
IAGLCMT0074,3 Pieces Women's Fashion Necklaces Pearl Decor Voguish Simple Fashion Necklaces,,"<p><b>Item Id</b>: #09A900AM5KC</p><p><b>Style</b>: Casual, Sexy, Vintage, Punk, Top Fashion</p><p><b>Decoration</b>: Pearls, Metal Decoration</p><p><b>Pattern</b>: Solid Color</p><p><b>Suitable For</b>: Women</p><p><b>Relative Keywords</b>: Catenary/Necklace, Accessories</p><p><b>Material</b>: Imitation Pearl, Alloy/Silver Plating/Gold Plating</p><p><b>Jewelry Type</b>: Fashion, Vintage</p>",img/a137e178f1dd4c2eacfda84b849a1517.jpg,,Size#,87.48,49.99,,,1,1,,,necklace,,3 Pieces Women's Fashion Necklaces Pearl Decor Voguish Simple Fashion Necklaces,3 Pieces Women's Fashion Necklaces Pearl Decor Voguish Simple Fashion Necklaces,3 Pieces Women's Fashion Necklaces Pearl Decor Voguish Simple Fashion Necklaces,,,,,,,,,
IAGLCMT0075,Women's Stars Moon Choker Fashion Necklace,,"<p><b>Item Id</b>: #8MK990AM23S</p><p><b>Suitable For</b>: Women</p><p><b>Relative Keywords</b>: Accessory, Catenary/Necklace</p><p><b>Material</b>: Faux Fur, Silver, zircon</p><p><b>Jewelry Type</b>: Fashion, Basic, Fine</p><p><b>Features</b>: With extended chain, adjustable<br>Care: Wipe the silver cloth and stick to keep it dry and sealed<br>Avoid: chemicals, cosmetics, wet tools<br></p>",img/edd198facc274ed8ab90347e6653bf9b.jpg,,Size#,82.17,48.62,,,1,1,,,necklace,,Women's Stars Moon Choker Fashion Necklace,Women's Stars Moon Choker Fashion Necklace,Women's Stars Moon Choker Fashion Necklace,,,,,,,,,
IAGLCMT0076,Women's Multi-Layer Necklace Rhinestone Decor Hollow Out Simple Necklace,,"<p><b>Item Id</b>: #09A900AM3Q0</p><p><b>Style</b>: Casual, Sexy, Vintage, Top Fashion</p><p><b>Decoration</b>: Hollow out, Rhinestone</p><p><b>Pattern</b>: Geometric</p><p><b>Suitable For</b>: Women</p><p><b>Relative Keywords</b>: Catenary/Necklace, Accessories</p><p><b>Material</b>: Alloy, Zircon/Rhinestone</p><p><b>Jewelry Type</b>: Fashion, Basic, Vintage</p>",img/f28a8ea31f67482fa8f72fcc31bf2642.jpg,,Size#,83.79,49,,,1,1,,,necklace,,Women's Multi-Layer Necklace Rhinestone Decor Hollow Out Simple Necklace,Women's Multi-Layer Necklace Rhinestone Decor Hollow Out Simple Necklace,Women's Multi-Layer Necklace Rhinestone Decor Hollow Out Simple Necklace,,,,,,,,,
IAGLCMT0077,Women's Fashion Necklace Ladylike Rhinestone Chic Necklace Accessory,,"<p><b>Item Id</b>: #2PJ990AM49Y</p><p><b>Suitable For</b>: Women</p><p><b>Relative Keywords</b>: Accessory, Catenary/Necklace</p><p><b>Material</b>: Alloy, Zircon/Rhinestone</p><p><b>Jewelry Type</b>: Fashion, Vintage, Religious</p>",img/15510fca9805457c8e8721b425ba5dbf.jpg,,Size#Gold:,84.48,49.99,,,1,1,,,necklace,,Women's Fashion Necklace Ladylike Rhinestone Chic Necklace Accessory,Women's Fashion Necklace Ladylike Rhinestone Chic Necklace Accessory,Women's Fashion Necklace Ladylike Rhinestone Chic Necklace Accessory,,,,,,,,,
IAGLCMT0078,Women's Stylish Wild Round Pendant Metallic Colored Natural Shell Necklace,,"<p><b>Item Id</b>: #ALL900AM02S</p><p><b>Style</b>: Casual, Sexy, Vintage, Sweet, Top Fashion, Celebrity, Pastoral, Ethnic</p><p><b>Decoration</b>: Metal Decoration</p><p><b>Pattern</b>: Geometric</p><p><b>Suitable For</b>: Women</p><p><b>Relative Keywords</b>: Accessory, Catenary/Necklace, Accessories</p><p><b>Material</b>: Others</p><p><b>Jewelry Type</b>: Fashion, Basic, Vintage, Fine</p><p><b>Features</b>: Brand: YIQI<br>Article number: XL23<br>Treatment process: electroplating<br>Product category: item<br>Packaging: Individually packed<br>Whether cross-border supply: Yes<br>Main downstream platforms: wish, Amazon, standalone, AliExpress, LAZADA, ebay<br>Applicable gift occasions: festivals, trade fairs, birthdays, travel commemorations, business gifts<br>Style: Women's<br>material: metal<br>Modeling: Geometric<br>Custom processing: Yes<br>Style: fashion personality<br>Main sales areas: Southeast Asia, Northeast Asia, Africa, Middle East, Europe, South America, North America<br></p>",img/0d7ae6db40d5469599b2125ad2daf7df.jpg,,Size#,86.56,48.63,,,1,1,,,necklace,,Women's Stylish Wild Round Pendant Metallic Colored Natural Shell Necklace,Women's Stylish Wild Round Pendant Metallic Colored Natural Shell Necklace,Women's Stylish Wild Round Pendant Metallic Colored Natural Shell Necklace,,,,,,,,,
IAGLCMT0079,Men's Necklace Retro Simple Dragon Pattern Stainless Steel Accessory,,"<p><b>Item Id</b>: #8UG900AM2U5</p><p><b>Style</b>: Casual, Vintage, Cartoon, Sweet, Punk, Top Fashion</p><p><b>Decoration</b>: Carving</p><p><b>Pattern</b>: Geometric</p><p><b>Jewelry Category</b>: Fashion Necklace, Vintage Necklace</p><p><b>Relative Keywords</b>: Accessory, Accessories</p><p><b>Material</b>: Stainless Steel</p><p><b>Jewelry Type</b>: Fashion, Basic, Vintage</p>",img/992295e6c2be428f95d0238d70e70a32.jpg,,Size#,85.26,49,,,1,1,,,necklace,,Men's Necklace Retro Simple Dragon Pattern Stainless Steel Accessory,Men's Necklace Retro Simple Dragon Pattern Stainless Steel Accessory,Men's Necklace Retro Simple Dragon Pattern Stainless Steel Accessory,,,,,,,,,
IAGLCMT0080,9 Pairs Women's Earrings Set Fashion Geometry Ring Elegant Earrings Accessories,,"<p><b>Item Id</b>: #2PJ990AI3MG</p><p><b>Decoration</b>: Metal Decoration, Hollow out</p><p><b>Pattern</b>: Geometric, Solid Color</p><p><b>Inlay</b>: No Inlay</p><p><b>Style</b>: OL, Casual, Celebrity, Vintage, Top Fashion, Ethnic, Sweet, Pastoral, Simple/Neutral</p><p><b>Suitable For</b>: Women</p><p><b>Shape/Pattern</b>: Geometric, Round/Circle</p><p><b>Feature</b>: Allergy Free</p><p><b>Relative Keywords</b>: Accessories, Accessory</p><p><b>Material</b>: Alloy</p><p><b>Jewelry Type</b>: Basic, Vintage, Fashion</p>",img/9a7650d96634495aa994ca11bc618570.jpg,,Size#,88.48,49.99,,,1,1,,,earrings,,9 Pairs Women's Earrings Set Fashion Geometry Ring Elegant Earrings Accessories,9 Pairs Women's Earrings Set Fashion Geometry Ring Elegant Earrings Accessories,9 Pairs Women's Earrings Set Fashion Geometry Ring Elegant Earrings Accessories,,,,,,,,,
IAGLCMT0081,6 Pairs Women's Earrings Ladylike Chic Earrings Set,,"<p><b>Item Id</b>: #2PJ990AFCFR</p><p><b>Decoration</b>: Beading, Hollow out, Tassel, Flowers, Pearls, Metal Decoration</p><p><b>Pattern</b>: Geometric, Floral, Solid Color</p><p><b>Inlay</b>: Alloy Inlaid with Artificial Gem/Semiprecious Stone</p><p><b>Style</b>: Casual, Vintage, Luxury, Sweet, Ethnic Style, Simple/Neutral, OL, Top Fashion, Celebrity, Pastoral, Ethnic</p><p><b>Suitable For</b>: Women</p><p><b>Shape/Pattern</b>: Flower/Fruit/Plant, Geometric</p><p><b>Feature</b>: Allergy Free</p><p><b>Relative Keywords</b>: Accessory, Accessories</p><p><b>Material</b>: Alloy, Imitation Pearl</p><p><b>Jewelry Type</b>: Fashion, Basic, Vintage</p><p><b>Features</b>: Earrings included only.<br></p>",img/b238803b0b96463fa8129818e1e41132.jpg,,Size#,81.21,48.63,,,1,1,,,earrings,,6 Pairs Women's Earrings Ladylike Chic Earrings Set,6 Pairs Women's Earrings Ladylike Chic Earrings Set,6 Pairs Women's Earrings Ladylike Chic Earrings Set,,,,,,,,,
IAGLCMT0082,Givenchy Women's 1 Pair Drop Earrings Elegant Stylish Imitated Crystal Decor Earrings,,"<p><b>Item Id</b>: #72K980AFNTA</p><p><b>Inlay</b>: Gold Plating Inlaid with Artificial Gem</p><p><b>Jewelry Type</b>: Fashion, Fine</p><p><b>Style</b>: Luxury, Sweet, OL</p><p><b>Suitable For</b>: Women</p><p><b>Feature</b>: Packaging for Free</p><p><b>Relative Keywords</b>: Accessory, Accessories</p><p><b>Material</b>: Alloy</p>",img/02ed3e82ed0344bcb7330960ae1b1429.jpg,,Size#Silver:,65.52,39,,,1,1,,,earrings,,Givenchy Women's 1 Pair Drop Earrings Elegant Stylish Imitated Crystal Decor Earrings,Givenchy Women's 1 Pair Drop Earrings Elegant Stylish Imitated Crystal Decor Earrings,Givenchy Women's 1 Pair Drop Earrings Elegant Stylish Imitated Crystal Decor Earrings,,,,,,,,,
IAGLCMT0083,Women's Ear Hoops Fashion Square Zircon Elegant Accessories,,"<p><b>Item Id</b>: #8UG900AF86N</p><p><b>Style</b>: Casual, Sexy, Sweet, OL, Top Fashion</p><p><b>Decoration</b>: Metal Decoration</p><p><b>Pattern</b>: Geometric</p><p><b>Suitable For</b>: Women</p><p><b>Relative Keywords</b>: Accessory, Catenary/Necklace, Accessories</p><p><b>Material</b>: Copper</p><p><b>Jewelry Type</b>: Fashion, Fine</p>",img/dcd267b25bc04fe1aa381a39f983750a.jpg,,Size#,51,30.91,,,1,1,,,earrings,,Women's Ear Hoops Fashion Square Zircon Elegant Accessories,Women's Ear Hoops Fashion Square Zircon Elegant Accessories,Women's Ear Hoops Fashion Square Zircon Elegant Accessories,,,,,,,,,
IAGLCMT0084,Women's Drop Earrings Fashion Rhinestone Oval Elegant Accessories,,"<p><b>Item Id</b>: #3UA900AF19M</p><p><b>Decoration</b>: Rhinestone</p><p><b>Pattern</b>: Geometric</p><p><b>Inlay</b>: No Inlay</p><p><b>Jewelry Type</b>: Fashion, Vintage, Fine</p><p><b>Style</b>: Casual, Vintage, Sweet, Pastoral</p><p><b>Suitable For</b>: Women</p><p><b>Shape/Pattern</b>: Geometric</p><p><b>Feature</b>: Others</p><p><b>Relative Keywords</b>: Accessory, Accessories</p><p><b>Material</b>: Alloy</p>",img/bc5ae66c042c4b10a9001218c1eb2b21.jpg,,Size#,71.58,39.99,,,1,1,,,earrings,,Women's Drop Earrings Fashion Rhinestone Oval Elegant Accessories,Women's Drop Earrings Fashion Rhinestone Oval Elegant Accessories,Women's Drop Earrings Fashion Rhinestone Oval Elegant Accessories,,,,,,,,,
IAGLCMT0085,Women's Fashion Anti-allergy MINI Earrings In A Box,,"<p><b>Item Id</b>: #C8C900AF6DL</p><p><b>Decoration</b>: Beading, Rhinestone, Pom Poms, Crystals</p><p><b>Pattern</b>: Geometric, Floral, Solid Color</p><p><b>Inlay</b>: No Inlay</p><p><b>Style</b>: Basic, Top Fashion, Fine</p><p><b>Suitable For</b>: Women</p><p><b>Shape/Pattern</b>: Flower/Fruit/Plant, Others</p><p><b>Feature</b>: Allergy Free, Packaging for Free, Others</p><p><b>Relative Keywords</b>: Accessory, Catenary/Necklace, Accessories</p><p><b>Material</b>: Plastic</p><p><b>Jewelry Type</b>: Fashion, Basic, Vintage, Fine</p><p><b>Features</b>: <br>Specifications: Colorful one box<br></p>",img/a827e7301ea14e74916f7b1a82d2841d.jpg,,Size#,85.59,48.63,,,1,1,,,earrings,,Women's Fashion Anti-allergy MINI Earrings In A Box,Women's Fashion Anti-allergy MINI Earrings In A Box,Women's Fashion Anti-allergy MINI Earrings In A Box,,,,,,,,,
IAGLCMT0086,Women's 12 Pairs Earrings Set All-Match Simple Ring Shape Elegant Earrings Accessories,,"<p><b>Item Id</b>: #5RV990AFA9L</p><p><b>Decoration</b>: Metal Decoration</p><p><b>Pattern</b>: Solid Color</p><p><b>Inlay</b>: No Inlay</p><p><b>Style</b>: Fashion, Vintage, Basic, Simple/Neutral, Top Fashion</p><p><b>Suitable For</b>: Women</p><p><b>Shape/Pattern</b>: Round/Circle</p><p><b>Feature</b>: Allergy Free, Others</p><p><b>Relative Keywords</b>: Accessory, Catenary/Necklace, Accessories</p><p><b>Material</b>: Alloy</p><p><b>Jewelry Type</b>: Fashion, Basic, Vintage</p>",img/3aeaac5a8f4f480d97a75d9d69e674be.jpg,,Size#,68.64,39,,,1,1,,,earrings,,Women's 12 Pairs Earrings Set All-Match Simple Ring Shape Elegant Earrings Accessories,Women's 12 Pairs Earrings Set All-Match Simple Ring Shape Elegant Earrings Accessories,Women's 12 Pairs Earrings Set All-Match Simple Ring Shape Elegant Earrings Accessories,,,,,,,,,
IAGLCMT0087,1 Pair Women's Sen Super Transparent Inlaid Broken Shell Geometric Irregular Texture Niche Wild Earrings,,"<p><b>Item Id</b>: #9V7900AF12U</p><p><b>Decoration</b>: Metal Decoration</p><p><b>Pattern</b>: Geometric</p><p><b>Inlay</b>: Alloy Inlaid with Artificial Gem/Semiprecious Stone</p><p><b>Jewelry Type</b>: Fashion, Basic, Fine</p><p><b>Style</b>: Sweet, Top Fashion</p><p><b>Suitable For</b>: Women</p><p><b>Shape/Pattern</b>: Geometric</p><p><b>Feature</b>: Others</p><p><b>Relative Keywords</b>: Accessories</p><p><b>Material</b>: Alloy</p><p><b>Features</b>: <br>Treatment process: electroplating<br>Category: earrings<br>Style: Women's<br>Modeling: Geometric<br>Packaging: Individually packed	<br>Mosaic material: alloy inlay artificial gems / semi-precious stones<br></p>",img/09110da7c59748289309d5269cd40c0d.jpg,,Size#,82.32,49,,,1,1,,,earrings,,1 Pair Women's Sen Super Transparent Inlaid Broken Shell Geometric Irregular Texture Niche Wild Earrings,1 Pair Women's Sen Super Transparent Inlaid Broken Shell Geometric Irregular Texture Niche Wild Earrings,1 Pair Women's Sen Super Transparent Inlaid Broken Shell Geometric Irregular Texture Niche Wild Earrings,,,,,,,,,
IAGLCMT0088,Women's Ear Clips Tassels Elegant Stylish Earrings Accessory,,"<p><b>Item Id</b>: #2PJ990AF4QU</p><p><b>Suitable For</b>: Women</p><p><b>Relative Keywords</b>: Accessory, Accessories</p><p><b>Material</b>: Alloy, Imitation Pearl, zircon</p><p><b>Jewelry Type</b>: Fashion, Basic, Vintage</p>",img/beaa0a061d414dbd9ec7bc624e35a36d.jpg,,Size#,69.42,39,,,1,1,,,earrings,,Women's Ear Clips Tassels Elegant Stylish Earrings Accessory,Women's Ear Clips Tassels Elegant Stylish Earrings Accessory,Women's Ear Clips Tassels Elegant Stylish Earrings Accessory,,,,,,,,,
IAGLCMT0089,Women's Drop Earrings Letter Pattern Faddish Earrings Accessory,,"<p><b>Item Id</b>: #84C990AFE5E</p><p><b>Decoration</b>: Rhinestone</p><p><b>Pattern</b>: Letter</p><p><b>Inlay</b>: Alloy Inlaid with Artificial Gem/Semiprecious Stone</p><p><b>Jewelry Type</b>: Fashion</p><p><b>Style</b>: Luxury</p><p><b>Suitable For</b>: Women</p><p><b>Shape/Pattern</b>: Letter/Number</p><p><b>Feature</b>: Allergy Free</p><p><b>Relative Keywords</b>: Accessory</p><p><b>Material</b>: Alloy, 925 Sterling Silver</p>",img/f78071ae9a4f4e14a32a77627f4b98f1.jpg,,Size#Silver:,52.24,30.91,,,1,1,,,earrings,,Women's Drop Earrings Letter Pattern Faddish Earrings Accessory,Women's Drop Earrings Letter Pattern Faddish Earrings Accessory,Women's Drop Earrings Letter Pattern Faddish Earrings Accessory,,,,,,,,,
IAGLCMT0090,Women's One Piece Ear Clip Creative Personalized Vogue Earring Accessory,,"<p><b>Item Id</b>: #665990AF6JU</p><p><b>Style</b>: Casual, Sexy, Punk, Top Fashion</p><p><b>Decoration</b>: Beading, Rhinestone, Crystals, Pearls, Contrast Color</p><p><b>Pattern</b>: Gradient Color</p><p><b>Suitable For</b>: Women</p><p><b>Relative Keywords</b>: Accessory, Catenary/Necklace, Accessories</p><p><b>Material</b>: Alloy/Silver Plating/Gold Plating, Zircon/Rhinestone</p><p><b>Jewelry Type</b>: Fashion, Basic, Vintage, Religious, Fine</p>",img/472046ae0ca843c7adae558af86452e9.jpg,,Size#,81.2,48.62,,,1,1,,,earrings,,Women's One Piece Ear Clip Creative Personalized Vogue Earring Accessory,Women's One Piece Ear Clip Creative Personalized Vogue Earring Accessory,Women's One Piece Ear Clip Creative Personalized Vogue Earring Accessory,,,,,,,,,
IAGLCMT0091,1 Piece Women's Ear Clip Rhinestone Bee Lovely Adjustable Earring Accessory,,"<p><b>Item Id</b>: #2PJ990AFEW5</p><p><b>Ear Piercing</b>: No</p><p><b>Style</b>: Casual, Vintage, Sweet, OL, Top Fashion, Celebrity, Pastoral, Ethnic</p><p><b>Decoration</b>: Rhinestone, Metal Decoration</p><p><b>Pattern</b>: Animal, Geometric, Solid Color</p><p><b>Suitable For</b>: Women</p><p><b>Relative Keywords</b>: Accessory, Accessories</p><p><b>Material</b>: Alloy, Zircon/Rhinestone</p><p><b>Jewelry Type</b>: Fashion, Basic, Vintage</p>",img/3dcfba6d097e479693dd19196cb34639.jpg,,Size#,87.52,48.62,,,1,1,,,earrings,,1 Piece Women's Ear Clip Rhinestone Bee Lovely Adjustable Earring Accessory,1 Piece Women's Ear Clip Rhinestone Bee Lovely Adjustable Earring Accessory,1 Piece Women's Ear Clip Rhinestone Bee Lovely Adjustable Earring Accessory,,,,,,,,,
IAGLCMT0092,1 Pair Women's Drop Earrings Flower Shaped Delicate Versatile Drop Earrings,,"<p><b>Item Id</b>: #CL1900AF81F</p><p><b>Decoration</b>: Metal Decoration</p><p><b>Pattern</b>: Solid Color</p><p><b>Inlay</b>: No Inlay</p><p><b>Jewelry Type</b>: Fashion, Basic, Vintage</p><p><b>Style</b>: Sexy, Vintage, Sweet, Ethnic Style, Top Fashion, Celebrity</p><p><b>Shape/Pattern</b>: Others</p><p><b>Feature</b>: Others</p><p><b>Material</b>: Alloy</p><p><b>Features</b>: Fashion personality atmosphere floriated alloy earrings<br></p>",img/791ca174d4e64a7cba83f513bc454cf4.jpg,,Size#,88.48,49.99,,,1,1,,,earrings,,1 Pair Women's Drop Earrings Flower Shaped Delicate Versatile Drop Earrings,1 Pair Women's Drop Earrings Flower Shaped Delicate Versatile Drop Earrings,1 Pair Women's Drop Earrings Flower Shaped Delicate Versatile Drop Earrings,,,,,,,,,
IAGLCMT0093,Women's Drop Earrings Solid Color Ladylike Dream Catcher Design Earrings,,"<p><b>Item Id</b>: #2PJ990AF8K1</p><p><b>Decoration</b>: Hollow out, Metal Decoration</p><p><b>Pattern</b>: Geometric</p><p><b>Inlay</b>: No Inlay</p><p><b>Jewelry Type</b>: Fashion, Basic, Vintage</p><p><b>Style</b>: Casual, Vintage, OL, Top Fashion</p><p><b>Suitable For</b>: Women</p><p><b>Shape/Pattern</b>: Round/Circle, Geometric</p><p><b>Feature</b>: Allergy Free</p><p><b>Relative Keywords</b>: Accessory, Accessories</p><p><b>Material</b>: Alloy</p>",img/5f0050202c5249fd86bf294f3cc117d6.jpg,,Size#,65.98,39.99,,,1,1,,,earrings,,Women's Drop Earrings Solid Color Ladylike Dream Catcher Design Earrings,Women's Drop Earrings Solid Color Ladylike Dream Catcher Design Earrings,Women's Drop Earrings Solid Color Ladylike Dream Catcher Design Earrings,,,,,,,,,
IAGLCMT0094,Trendy Street Snap Exaggerated Earring Fashion Simplicity Round Radiant Sun Flower Earring,,"<p><b>Item Id</b>: #8Q9990AF2R6</p><p><b>Inlay</b>: Alloy Inlaid with Artificial Gem/Semiprecious Stone</p><p><b>Jewelry Type</b>: Fashion, Fine</p><p><b>Style</b>: Luxury, Sweet</p><p><b>Suitable For</b>: Women</p><p><b>Shape/Pattern</b>: Geometric</p><p><b>Relative Keywords</b>: Catenary/Necklace, Accessories</p><p><b>Material</b>: Alloy</p><p><b>Features</b>: <br>Size: 6.5 * 6.5 cm<br>Weight: 30 g<br></p>",img/7ada1d09f1854451841144c02cceb294.jpg,,Size#Black:,82.18,48.63,,,1,1,,,earrings,,Trendy Street Snap Exaggerated Earring Fashion Simplicity Round Radiant Sun Flower Earring,Trendy Street Snap Exaggerated Earring Fashion Simplicity Round Radiant Sun Flower Earring,Trendy Street Snap Exaggerated Earring Fashion Simplicity Round Radiant Sun Flower Earring,,,,,,,,,
IAGLCMT0095,Women's Hoops Ladylike Elegant Fashionable Earrings Accessory,,"<p><b>Item Id</b>: #2PJ990AF5ZR</p><p><b>Suitable For</b>: Women</p><p><b>Relative Keywords</b>: Accessory, Accessories</p><p><b>Material</b>: Alloy</p><p><b>Jewelry Type</b>: Fashion, Basic, Vintage</p>",img/c10833de96b0468c881a6388beff297a.jpg,,Size#,56.57,30.91,,,1,1,,,earrings,,Women's Hoops Ladylike Elegant Fashionable Earrings Accessory,Women's Hoops Ladylike Elegant Fashionable Earrings Accessory,Women's Hoops Ladylike Elegant Fashionable Earrings Accessory,,,,,,,,,
IAGLCMT0096,Women's Ear Stud Hollow Out Round Shape Earrings Accessory,,"<p><b>Item Id</b>: #09A982AFA55</p><p><b>Style</b>: Casual, Vintage, Top Fashion</p><p><b>Decoration</b>: Hollow out, Metal Decoration</p><p><b>Pattern</b>: Geometric</p><p><b>Suitable For</b>: Women</p><p><b>Relative Keywords</b>: Accessory, Accessories</p><p><b>Material</b>: Copper</p><p><b>Jewelry Type</b>: Fashion, Basic, Vintage</p>",img/61939dac637840ce8897bb345cd5b0ee.jpg,,Size#Gold:,62.79,39,,,1,1,,,earrings,,Women's Ear Stud Hollow Out Round Shape Earrings Accessory,Women's Ear Stud Hollow Out Round Shape Earrings Accessory,Women's Ear Stud Hollow Out Round Shape Earrings Accessory,,,,,,,,,
IAGLCMT0097,Women's Drop Earrings Elegant Zircon Design Earrings,,"<p><b>Item Id</b>: #8UG990AFCLC</p><p><b>Decoration</b>: Rhinestone</p><p><b>Pattern</b>: Geometric</p><p><b>Inlay</b>: No Inlay</p><p><b>Jewelry Type</b>: Fashion, Basic</p><p><b>Style</b>: Casual, Luxury, Sweet, Simple/Neutral, OL</p><p><b>Suitable For</b>: Women</p><p><b>Shape/Pattern</b>: Geometric</p><p><b>Feature</b>: Others</p><p><b>Relative Keywords</b>: Accessory, Accessories</p><p><b>Material</b>: Copper, zircon</p>",img/27a78f1d7ab440fbb3657a278e9bb1d9.jpg,,Size#,86.06,48.62,,,1,1,,,earrings,,Women's Drop Earrings Elegant Zircon Design Earrings,Women's Drop Earrings Elegant Zircon Design Earrings,Women's Drop Earrings Elegant Zircon Design Earrings,,,,,,,,,
IAGLCMT0098,1 Pair Women's Drop Earrings Faddish Delicate Snowflake Pattern Versatile Drop Earrings,,"<p><b>Item Id</b>: #CL1900AF81G</p><p><b>Decoration</b>: Pearls, Metal Decoration</p><p><b>Pattern</b>: Solid Color</p><p><b>Inlay</b>: No Inlay</p><p><b>Jewelry Type</b>: Fashion, Basic</p><p><b>Style</b>: Vintage, Sweet, Ethnic Style, Top Fashion, Celebrity, Ethnic</p><p><b>Shape/Pattern</b>: Others</p><p><b>Feature</b>: Others</p><p><b>Material</b>: Alloy</p><p><b>Features</b>: Fashion personality atmosphere alloy snowflakes shape pearl earrings<br></p>",img/dd3f7aade97741c0bb817a28740db01f.jpg,,Size#,86.24,49,,,1,1,,,earrings,,1 Pair Women's Drop Earrings Faddish Delicate Snowflake Pattern Versatile Drop Earrings,1 Pair Women's Drop Earrings Faddish Delicate Snowflake Pattern Versatile Drop Earrings,1 Pair Women's Drop Earrings Faddish Delicate Snowflake Pattern Versatile Drop Earrings,,,,,,,,,
IAGLCMT0099,2 Pieces Women's Earrings Ladylike Rhinestone Chic Earrings Set,,"<p><b>Item Id</b>: #2PJ900AI046</p><p><b>Decoration</b>: Hollow out, Rhinestone, Pearls, Metal Decoration</p><p><b>Pattern</b>: Geometric</p><p><b>Inlay</b>: Alloy Inlaid with Artificial Gem/Semiprecious Stone</p><p><b>Style</b>: Casual, Vintage, Sweet, Ethnic Style, Simple/Neutral, OL, Top Fashion, Celebrity, Pastoral, Ethnic</p><p><b>Suitable For</b>: Women</p><p><b>Shape/Pattern</b>: Round/Circle, Geometric</p><p><b>Feature</b>: Allergy Free</p><p><b>Relative Keywords</b>: Accessory, Accessories</p><p><b>Material</b>: Alloy, Imitation Pearl, zircon</p><p><b>Jewelry Type</b>: Fashion, Basic, Vintage</p>",img/dd95e7757f9f422dae8f841836b5b146.jpg,,Size#,90.98,49.99,,,1,1,,,earrings,,2 Pieces Women's Earrings Ladylike Rhinestone Chic Earrings Set,2 Pieces Women's Earrings Ladylike Rhinestone Chic Earrings Set,2 Pieces Women's Earrings Ladylike Rhinestone Chic Earrings Set,,,,,,,,,
IAGLCMT0100,Women's Drop Earrings Fashion Simple Geometry Shaped Elegant Accessories,,"<p><b>Item Id</b>: #2PJ900AF0YS</p><p><b>Decoration</b>: Hollow out, Metal Decoration</p><p><b>Pattern</b>: Geometric</p><p><b>Inlay</b>: No Inlay</p><p><b>Jewelry Type</b>: Fashion, Basic, Vintage</p><p><b>Style</b>: Casual, Vintage, Sweet, Ethnic Style, Simple/Neutral, OL, Top Fashion, Celebrity, Pastoral, Ethnic</p><p><b>Suitable For</b>: Women</p><p><b>Shape/Pattern</b>: Geometric</p><p><b>Feature</b>: Allergy Free</p><p><b>Relative Keywords</b>: Accessory, Accessories</p><p><b>Material</b>: Alloy</p>",img/c3031915de26423c9143ca05b68c0c0e.jpg,,Size#,79.38,49,,,1,1,,,earrings,,Women's Drop Earrings Fashion Simple Geometry Shaped Elegant Accessories,Women's Drop Earrings Fashion Simple Geometry Shaped Elegant Accessories,Women's Drop Earrings Fashion Simple Geometry Shaped Elegant Accessories,,,,,,,,,
IAGLCMT0101,12 Pairs Women's Studs Vintage Trendy Ladylike Earrings Set,,"<p><b>Item Id</b>: #2PJ990AFCRD</p><p><b>Decoration</b>: Rhinestone, Metal Decoration</p><p><b>Pattern</b>: Geometric, Solid Color</p><p><b>Inlay</b>: Alloy Inlaid with Artificial Gem/Semiprecious Stone</p><p><b>Style</b>: Casual, Vintage, Sweet, Simple/Neutral, OL, Top Fashion, Celebrity, Pastoral, Ethnic</p><p><b>Suitable For</b>: Women</p><p><b>Shape/Pattern</b>: Geometric</p><p><b>Feature</b>: Allergy Free</p><p><b>Relative Keywords</b>: Accessory, Accessories</p><p><b>Material</b>: Alloy, zircon</p><p><b>Jewelry Type</b>: Fashion, Basic, Vintage</p>",img/4c2f54d386fb4faabd152f8453fa77ca.jpg,,Size#Gold:,89.98,49.99,,,1,1,,,earrings,,12 Pairs Women's Studs Vintage Trendy Ladylike Earrings Set,12 Pairs Women's Studs Vintage Trendy Ladylike Earrings Set,12 Pairs Women's Studs Vintage Trendy Ladylike Earrings Set,,,,,,,,,
IAGLCMT0102,5Piece Set of Creative Personality Double C Cartilage U Shaped Double Layer Non Pierced Earrings,,"<p><b>Item Id</b>: #D33910AF0UB</p><p><b>Style</b>: Sweet, Punk, Top Fashion, Pastoral, Ethnic</p><p><b>Decoration</b>: Metal Decoration</p><p><b>Pattern</b>: Geometric, Letter, Floral, Solid Color</p><p><b>Suitable For</b>: Women</p><p><b>Relative Keywords</b>: Accessory, Accessories</p><p><b>Material</b>: Alloy</p><p><b>Jewelry Type</b>: Fashion, Basic, Vintage, Fine</p><p><b>Features</b>: 5Piece Set of Creative Personality Double C Cartilage U Shaped Double Layer Non Pierced Earrings<br></p>",img/578225254921414c92e944c059d57d71.jpg,,Size#,52.55,30.91,,,1,1,,,earrings,,5Piece Set of Creative Personality Double C Cartilage U Shaped Double Layer Non Pierced Earrings,5Piece Set of Creative Personality Double C Cartilage U Shaped Double Layer Non Pierced Earrings,5Piece Set of Creative Personality Double C Cartilage U Shaped Double Layer Non Pierced Earrings,,,,,,,,,
IAGLCMT0103,European And American Cold Air Simple Heart-Shaped Pendant Earrings,,"<p><b>Item Id</b>: #C4P910AF1CE</p><p><b>Style</b>: Sexy, OL</p><p><b>Decoration</b>: Rhinestone</p><p><b>Pattern</b>: Solid Color</p><p><b>Material</b>: Alloy</p><p><b>Jewelry Type</b>: Vintage, Fine</p><p><b>Features</b>: European and American cold air simple heart-shaped pendant earrings<br></p>",img/fdab12a98c1f42699cf71e483ede242c.jpg,,Size#,81.68,48.62,,,1,1,,,earrings,,European And American Cold Air Simple Heart-Shaped Pendant Earrings,European And American Cold Air Simple Heart-Shaped Pendant Earrings,European And American Cold Air Simple Heart-Shaped Pendant Earrings,,,,,,,,,
IAGLCMT0104,Women's Drop Earrings Fashion Flower Imitation Pearl Sweet Accessories,,<p><b>Item Id</b>: #84C900AF465</p><p><b>Decoration</b>: Pearls</p><p><b>Pattern</b>: Floral</p><p><b>Inlay</b>: Gold Plating Inlaid with Artificial Gem/Semiprecious Stone</p><p><b>Jewelry Type</b>: Fashion</p><p><b>Style</b>: Celebrity</p><p><b>Shape/Pattern</b>: Flower/Fruit/Plant</p><p><b>Feature</b>: Allergy Free</p><p><b>Material</b>: 925 Sterling Silver</p>,img/dda33131fa1448a2b7b64ec5b4ac13cd.jpg,,Size#,84.62,48.63,,,1,1,,,earrings,,Women's Drop Earrings Fashion Flower Imitation Pearl Sweet Accessories,Women's Drop Earrings Fashion Flower Imitation Pearl Sweet Accessories,Women's Drop Earrings Fashion Flower Imitation Pearl Sweet Accessories,,,,,,,,,
IAGLCMT0105,1 Pair Women's Drop Earrings Tassel Decor Faddish Versatile Drop Earrings,,"<p><b>Item Id</b>: #CL1900AF7J2</p><p><b>Decoration</b>: Tassel</p><p><b>Pattern</b>: Solid Color</p><p><b>Inlay</b>: No Inlay</p><p><b>Jewelry Type</b>: Fashion, Basic, Vintage</p><p><b>Style</b>: Casual, Vintage, Ethnic Style, Simple/Neutral, OL, Top Fashion, Celebrity</p><p><b>Shape/Pattern</b>: Other Shape(No-Inlay)</p><p><b>Feature</b>: Others</p><p><b>Material</b>: Common Cotton</p><p><b>Features</b>: A stylish atmosphere aristocratic wind diamond tassel earrings<br></p>",img/269e8370d21c493f8a1177630e2ffd35.jpg,,Size#,85.75,49,,,1,1,,,earrings,,1 Pair Women's Drop Earrings Tassel Decor Faddish Versatile Drop Earrings,1 Pair Women's Drop Earrings Tassel Decor Faddish Versatile Drop Earrings,1 Pair Women's Drop Earrings Tassel Decor Faddish Versatile Drop Earrings,,,,,,,,,
IAGLCMT0106,Simple Turquoise Earrings,,<p><b>Item Id</b>: #BY4900AF50Z</p><p><b>Style</b>: Top Fashion</p><p><b>Decoration</b>: Metal Decoration</p><p><b>Pattern</b>: Geometric</p><p><b>Material</b>: Alloy</p><p><b>Jewelry Type</b>: Fashion</p><p><b>Features</b>: <br></p>,img/46f4749b407f411bb048707a04984420.jpg,,Size#,81.98,49.99,,,1,1,,,earrings,,Simple Turquoise Earrings,Simple Turquoise Earrings,Simple Turquoise Earrings,,,,,,,,,
IAGLCMT0107,One Pair Women's Hoop Floral Rhinestone Decor Fashion Sweet Earrings,,<p><b>Item Id</b>: #84C900AF48D</p><p><b>Style</b>: Sexy</p><p><b>Decoration</b>: Rhinestone</p><p><b>Pattern</b>: Floral</p><p><b>Material</b>: 925 Sterling Silver</p><p><b>Jewelry Type</b>: Fashion</p>,img/9664dc8bcad740a6819abba2e50dd399.jpg,,Size#,81.21,48.63,,,1,1,,,earrings,,One Pair Women's Hoop Floral Rhinestone Decor Fashion Sweet Earrings,One Pair Women's Hoop Floral Rhinestone Decor Fashion Sweet Earrings,One Pair Women's Hoop Floral Rhinestone Decor Fashion Sweet Earrings,,,,,,,,,
IAGLCMT0108,1 Pair Women's Drop Earrings U Shape With Tassel Trendy Drop Earrings,,"<p><b>Item Id</b>: #CL1900AF7X3</p><p><b>Decoration</b>: Tassel, Metal Decoration</p><p><b>Pattern</b>: Solid Color</p><p><b>Inlay</b>: No Inlay</p><p><b>Jewelry Type</b>: Fashion, Basic, Vintage</p><p><b>Style</b>: Casual, Vintage, Ethnic Style, Top Fashion, Pastoral, Ethnic</p><p><b>Shape/Pattern</b>: Other Shape(No-Inlay)</p><p><b>Feature</b>: Others</p><p><b>Material</b>: Common Cotton</p><p><b>Features</b>: Atmospheric u-shaped tassel earrings fashion and personality<br></p>",img/90f67415417749a7a75ca600d19a9d48.jpg,,Size#,87.53,48.63,,,1,1,,,earrings,,1 Pair Women's Drop Earrings U Shape With Tassel Trendy Drop Earrings,1 Pair Women's Drop Earrings U Shape With Tassel Trendy Drop Earrings,1 Pair Women's Drop Earrings U Shape With Tassel Trendy Drop Earrings,,,,,,,,,
IAGLCMT0109,Women's Ear Studs Fashion Imitation Pearl Leaf Simple Accessories,,"<p><b>Item Id</b>: #2JG900AF4MF</p><p><b>Style</b>: Vintage, Sweet, Top Fashion</p><p><b>Decoration</b>: Pearls</p><p><b>Pattern</b>: Geometric</p><p><b>Suitable For</b>: Women</p><p><b>Brand</b>: Infinite Charming Jewelry</p><p><b>Relative Keywords</b>: Accessory, Catenary/Necklace, Accessories</p><p><b>Material</b>: Alloy, Pearl</p><p><b>Jewelry Type</b>: Fashion, Vintage</p>",img/ecc7a2034a86435c8872e5e1285e3cf5.jpg,,Size#,88.99,48.63,,,1,1,,,earrings,,Women's Ear Studs Fashion Imitation Pearl Leaf Simple Accessories,Women's Ear Studs Fashion Imitation Pearl Leaf Simple Accessories,Women's Ear Studs Fashion Imitation Pearl Leaf Simple Accessories,,,,,,,,,
IAGLCMT0110,925 Silver Needle Mini Pearl Geometric Circle Stud Earrings Fashion Wholesale No Need To Pick Earrings For Sleeping Cold,,"<p><b>Item Id</b>: #CDM900AF5UQ</p><p><b>Style</b>: Sexy, Sweet, OL, Top Fashion, Celebrity</p><p><b>Decoration</b>: Pearls</p><p><b>Pattern</b>: Geometric</p><p><b>Relative Keywords</b>: Accessories</p><p><b>Material</b>: 925 Sterling Silver</p><p><b>Jewelry Type</b>: Fashion</p><p><b>Features</b>: Place of Origin: Yiwu<br>Treatment process: inlaid with pearls<br>Brand: KAITIN<br>Type: Earrings<br>Item No.: HE3454<br>Color: Silver Needle. Golden<br>Product category: earrings<br>Packaging: Individually packed<br>Main downstream platforms: eBay, Amazon, wish, AliExpress, independent station, LAZADA<br>Have licensable own brand: Yes<br>Sales serial number: HE3454<br>Inlay material: not inlay<br>Applicable gift-giving occasions: weddings, travel souvenirs, employee benefits<br>Style: Women's<br><br>Modeling: geometric<br>Custom processing: Yes<br>Whether cross-border export exclusive source of supply: Yes<br>Style: simple<br></p>",img/0435f59cd97d41108e718c0e4f49c48e.jpg,,Size#As The Picture:,91.98,49.99,,,1,1,,,earrings,,925 Silver Needle Mini Pearl Geometric Circle Stud Earrings Fashion Wholesale No Need To Pick Earrings For Sleeping Cold,925 Silver Needle Mini Pearl Geometric Circle Stud Earrings Fashion Wholesale No Need To Pick Earrings For Sleeping Cold,925 Silver Needle Mini Pearl Geometric Circle Stud Earrings Fashion Wholesale No Need To Pick Earrings For Sleeping Cold,,,,,,,,,
IAGLCMT0111,Personalized Set Earrings,,"<p><b>Item Id</b>: #BY4900AF4N6</p><p><b>Style</b>: Punk, Top Fashion</p><p><b>Decoration</b>: Rhinestone</p><p><b>Pattern</b>: Geometric</p><p><b>Suitable For</b>: Women</p><p><b>Relative Keywords</b>: Accessory</p><p><b>Material</b>: Alloy/Silver Plating/Gold Plating</p><p><b>Jewelry Type</b>: Fashion</p><p><b>Features</b>: <br></p>",img/821de3ad7ab44eda9b163acd2f1e3393.jpg,,Size#,63.96,39,,,1,1,,,earrings,,Personalized Set Earrings,Personalized Set Earrings,Personalized Set Earrings,,,,,,,,,
IAGLCMT0112,Women's Drop Earrings Creative Inlay Round Earrings,,"<p><b>Item Id</b>: #517990AFBUC</p><p><b>Decoration</b>: Metal Decoration</p><p><b>Pattern</b>: Geometric</p><p><b>Inlay</b>: Alloy Inlaid with Artificial Gem/Semiprecious Stone</p><p><b>Jewelry Type</b>: Fashion, Basic, Fine</p><p><b>Style</b>: Casual, Vintage, Sweet, Ethnic Style, Simple/Neutral, OL, Top Fashion, Celebrity, Pastoral, Ethnic</p><p><b>Suitable For</b>: Women</p><p><b>Shape/Pattern</b>: Round/Circle, Geometric</p><p><b>Feature</b>: Allergy Free</p><p><b>Relative Keywords</b>: Accessory, Accessories</p><p><b>Material</b>: Alloy</p>",img/239f56ed9b8348589d12a5cb3eeadae2.jpg,,Size#,86.24,49,,,1,1,,,earrings,,Women's Drop Earrings Creative Inlay Round Earrings,Women's Drop Earrings Creative Inlay Round Earrings,Women's Drop Earrings Creative Inlay Round Earrings,,,,,,,,,
IAGLCMT0113,2 Pieces Women's Elegant Flowers Long 925 Silver Needle Rhinestone Earrings,,"<p><b>Item Id</b>: #CEW900AF69T</p><p><b>Decoration</b>: Rhinestone</p><p><b>Pattern</b>: Floral</p><p><b>Inlay</b>: Alloy Inlaid with Artificial Gem/Semiprecious Stone</p><p><b>Jewelry Type</b>: Fashion, Fine</p><p><b>Style</b>: Casual, Sexy, Sweet, Top Fashion</p><p><b>Suitable For</b>: Women</p><p><b>Shape/Pattern</b>: Flower/Fruit/Plant</p><p><b>Feature</b>: Allergy Free</p><p><b>Relative Keywords</b>: Accessory, Catenary/Necklace, Accessories</p><p><b>Material</b>: Copper, 925 Sterling Silver</p><p><b>Features</b>: <br>Color: White, Purple, Pink<br></p>",img/dee0f3c8fc124eb098f60fff0653cb64.jpg,,Size#White:,84.6,48.62,,,1,1,,,earrings,,2 Pieces Women's Elegant Flowers Long 925 Silver Needle Rhinestone Earrings,2 Pieces Women's Elegant Flowers Long 925 Silver Needle Rhinestone Earrings,2 Pieces Women's Elegant Flowers Long 925 Silver Needle Rhinestone Earrings,,,,,,,,,
